Consecutivo;;Cliente;Producto;PesoVenta;Sacos;Precio;Total
1;01/07/2015 07:16:42;592;9;17090;0;6600;112794000
2;01/07/2015 07:17:02;592;9;11750;0;6600;77550000
3;01/07/2015 07:17:49;592;9;16480;0;6600;108768000
4;01/07/2015 12:38:12;3521;1;7798;0;5560;43356880
5;01/07/2015 12:38:49;3521;1;6225;0;5560;34611000
6;03/07/2015 16:32:01;592;9;17830;0;6600;117678000
7;03/07/2015 16:32:19;592;9;16430;0;6600;108438000
8;03/07/2015 16:33:50;592;9;720;0;6600;4752000
9;03/07/2015 16:34:16;592;9;16790;0;6700;112493000
10;03/07/2015 16:34:46;592;9;15670;0;6700;104989000
11;03/07/2015 17:02:20;3521;1;13490;0;5560;75004400
12;03/07/2015 17:12:48;3521;1;12640;0;5560;70278400
13;03/07/2015 17:13:03;3521;1;13810;0;5560;76783600
14;03/07/2015 17:13:56;3521;1;12660;0;5560;70389600
15;03/07/2015 07:25:52;3521;1;13860;0;5560;77061600
16;03/07/2015 07:39:02;3521;1;11689;0;5560;64990840
17;06/07/2015 07:45:20;76;9;30;0;7000;210000
18;06/07/2015 14:44:59;592;9;15640;0;6700;104788000
19;06/07/2015 14:45:16;592;9;17190;0;6700;115173000
20;06/07/2015 08:30:42;3521;1;9479;0;5448;51641592
21;06/07/2015 08:43:47;3521;1;108;0;5448;588384
22;06/07/2015 08:45:08;3521;1;3720;0;5448;20266560
23;06/07/2015 08:45:52;3521;1;12790;0;5448;69679920
24;06/07/2015 08:46:31;3521;1;3150;0;5448;17161200
25;06/07/2015 08:47:28;3521;1;3860;0;5448;21029280
26;06/07/2015 08:48:33;3521;1;9260;0;5448;50448480
27;06/07/2015 08:55:07;3521;1;5559;0;5448;30285432
28;06/07/2015 08:56:52;3521;1;2074;0;5448;11299152
29;07/07/2015 16:40:52;3521;1;12560;0;5440;68326400
30;07/07/2015 16:41:12;3521;1;13580;0;5440;73875200
31;07/07/2015 16:41:50;3521;1;13740;0;5440;74745600
32;07/07/2015 16:42:39;3521;1;10120;0;5440;55052800
33;08/07/2015 15:36:37;667;9;150;0;7000;1050000
34;09/07/2015 12:55:06;592;9;17630;0;6700;118121000
35;09/07/2015 12:55:32;592;9;16070;0;6700;107669000
36;09/07/2015 12:56:23;592;9;1010;0;6700;6767000
37;09/07/2015 12:56:58;592;9;6530;0;6800;44404000
38;10/07/2015 08:33:27;592;9;17030;0;6800;115804000
39;10/07/2015 08:33:44;592;9;16140;0;6800;109752000
40;10/07/2015 08:35:05;592;9;6910;0;6800;46988000
41;10/07/2015 12:30:26;3660;9;12,5;0;7000;87500
42;10/07/2015 07:58:13;592;9;17180;0;6800;116824000
43;10/07/2015 07:58:29;592;9;16220;0;6800;110296000
44;11/07/2015 08:00:32;592;9;16120;0;6800;109616000
45;11/07/2015 08:13:55;76;9;30;0;7000;210000
46;11/07/2015 11:34:48;592;1;17510;0;6800;119068000
47;13/07/2015 17:38:39;3521;1;10743;0;5640;60590520
48;13/07/2015 17:38:55;3521;1;7998;0;5640;45108720
49;13/07/2015 17:39:21;3521;1;1204;0;5640;6790560
50;13/07/2015 17:40:32;3521;1;245;0;5640;1381800
51;13/07/2015 17:42:19;3521;1;2196;0;5640;12385440
52;13/07/2015 17:42:37;3521;1;9951;0;5640;56123640
53;13/07/2015 17:43:22;3521;1;391;0;5640;2205240
54;13/07/2015 17:43:36;3521;1;9146;0;5640;51583440
55;13/07/2015 17:44:10;3521;1;8126;0;5640;45830640
56;13/07/2015 17:48:12;592;9;17330;0;6800;117844000
57;13/07/2015 17:50:29;592;9;15980;0;6800;108664000
58;14/07/2015 09:42:37;3705;7;5;0;8000;40000
59;14/07/2015 15:54:44;592;9;16230;0;6800;110364000
60;14/07/2015 15:57:26;592;9;17730;0;6800;120564000
61;15/07/2015 12:55:00;76;9;30;0;7300;219000
62;16/07/2015 07:06:42;3718;8;2155;0;4200;9051000
63;16/07/2015 07:40:19;3718;8;6397;0;5000;31985000
64;16/07/2015 09:07:35;592;9;17750;0;6800;120700000
65;16/07/2015 16:53:17;592;9;1340;0;6800;9112000
66;16/07/2015 16:54:51;592;9;15440;0;7300;112712000
67;16/07/2015 16:55:04;592;9;16800;0;7300;122640000
68;18/07/2015 10:15:10;592;9;17070;0;7300;124611000
69;18/07/2015 10:15:24;592;9;16090;0;7300;117457000
70;18/07/2015 10:53:52;76;9;30;0;7700;231000
71;18/07/2015 11:36:46;96;1;8040;0;5760;46310400
72;18/07/2015 11:37:09;96;1;6188;0;5760;35642880
73;18/07/2015 11:37:44;96;1;5961;0;5760;34335360
74;18/07/2015 11:38:23;96;1;6169;0;5760;35533440
75;18/07/2015 11:43:36;96;1;6194;0;5760;35677440
76;18/07/2015 11:46:54;96;1;9815;0;5760;56534400
77;18/07/2015 11:47:11;96;1;1938;0;5760;11162880
78;18/07/2015 11:47:28;96;1;2980;0;5760;17164800
79;18/07/2015 11:48:43;96;1;5355;0;5760;30844800
80;18/07/2015 11:49:06;96;1;9751;0;5760;56165760
81;18/07/2015 11:49:43;96;1;10472;0;5760;60318720
82;18/07/2015 11:50:10;96;1;9067;0;5760;52225920
83;18/07/2015 11:50:29;96;1;9820;0;5760;56563200
84;18/07/2015 11:51:29;96;1;2715;0;5760;15638400
85;18/07/2015 11:51:43;96;1;5535;0;5760;31881600
86;21/07/2015 14:05:44;592;9;16400;0;7300;119720000
87;21/07/2015 14:08:57;592;9;17610;0;7300;128553000
88;21/07/2015 16:35:54;3130;9;10;0;7500;75000
89;22/07/2015 14:31:59;667;9;100;0;7500;750000
90;22/07/2015 15:39:16;592;9;1590;0;7300;11607000
91;22/07/2015 15:40:08;592;9;16000;0;7450;119200000
92;22/07/2015 15:44:39;592;9;15940;0;7450;118753000
93;23/07/2015 08:35:36;3785;1;30;0;7300;219000
94;25/07/2015 10:20:38;592;9;16010;0;7450;119274500
95;25/07/2015 10:25:10;592;9;17480;0;7450;130226000
96;27/07/2015 07:02:38;592;9;16080;0;7450;119796000
97;27/07/2015 08:59:24;3785;9;30;0;7500;225000
98;27/07/2015 10:10:43;3832;1;1;0;6000;6000
99;27/07/2015 15:07:50;592;9;17230;0;7450;128363500
100;29/07/2015 06:53:48;592;9;1260;0;7450;9387000
101;29/07/2015 06:54:57;592;9;14750;0;7450;109887500
102;29/07/2015 06:55:34;592;9;17500;0;7450;130375000
103;29/07/2015 06:56:56;592;9;17500;0;7450;130375000
104;29/07/2015 07:43:41;3841;9;7;0;6000;42000
105;29/07/2015 08:03:51;3842;9;4;0;7500;30000
106;29/07/2015 17:27:10;592;9;17499;0;7450;130367550
107;31/07/2015 09:56:46;52;9;3;0;7500;22500
108;31/07/2015 13:25:30;3864;9;36;0;7000;252000
109;31/07/2015 13:26:27;52;9;1,5;0;7500;11250
110;31/07/2015 13:29:37;3865;11;103;0;2800;288400
111;31/07/2015 13:54:05;3867;9;1;0;7500;7500
112;01/08/2015 11:11:12;3876;9;1,5;0;7500;11250
113;01/08/2015 11:14:32;3877;7;3;0;8000;24000
114;03/08/2015 07:53:57;1;9;30;0;7500;225000
115;03/08/2015 08:02:18;3607;7;2040;0;5300;10812000
116;03/08/2015 14:39:32;592;9;17039;0;7450;126940550
117;03/08/2015 14:40:37;592;9;16642;0;7450;123982900
118;04/08/2015 09:27:49;942;14;168;0;2800;470400
119;04/08/2015 12:12:14;1918;9;1;0;7500;7500
120;05/08/2015 11:13:49;592;9;16570;0;7450;123446500
121;05/08/2015 16:07:52;2370;9;3;0;7800;23400
122;06/08/2015 13:58:49;592;9;16383;0;7400;121234200
123;06/08/2015 16:37:29;3914;7;2,5;0;8000;20000
124;08/08/2015 07:37:41;592;9;17111;0;7400;126621400
125;08/08/2015 08:50:52;3785;9;30;0;7800;234000
126;08/08/2015 11:43:26;592;9;16992;0;7400;125740800
127;08/08/2015 07:45:43;592;9;15994;0;7400;118355600
128;08/08/2015 08:41:01;592;1;13260;0;6027;79918020
129;08/08/2015 08:41:34;592;1;12590;0;6027;75879930
130;08/08/2015 11:28:48;592;1;13360;0;6121;81776560
131;08/08/2015 11:29:15;592;1;13121;0;6121;80313641
132;08/08/2015 14:01:40;96;1;3259;0;6064;19762576
133;08/08/2015 14:02:07;96;1;687;0;6064;4165968
134;08/08/2015 14:02:56;96;1;7817;0;6064;47402288
135;08/08/2015 14:03:22;96;1;8588;0;6064;52077632
136;08/08/2015 14:05:58;96;1;3958;0;6064;24001312
137;08/08/2015 14:06:09;96;1;3027;0;6064;18355728
138;08/08/2015 14:09:04;96;1;4532;0;6064;27482048
139;08/08/2015 14:09:44;96;1;2311;0;6064;14013904
140;08/08/2015 14:10:30;96;1;4325;0;6064;26226800
141;08/08/2015 14:12:23;96;1;3432;0;6064;20811648
142;08/08/2015 14:12:40;96;1;4031;0;6064;24443984
143;08/08/2015 14:13:19;96;1;2292;0;6064;13898688
144;08/08/2015 14:13:54;96;1;1741;0;6064;10557424
145;10/08/2015 16:15:12;96;1;8172;0;5800;47397600
146;10/08/2015 16:15:27;96;1;4200;0;5800;24360000
147;10/08/2015 16:41:14;96;1;7628;0;5800;44242400
148;10/08/2015 17:55:57;592;9;16962;0;7400;125518800
149;11/08/2015 07:31:55;592;9;809;0;7400;5986600
150;12/08/2015 08:21:04;76;9;30;0;7800;234000
151;13/08/2015 13:12:44;592;9;15749;0;7400;116542600
152;13/08/2015 13:13:58;592;9;1731;0;7500;12982500
153;13/08/2015 08:00:38;3718;8;2006;0;5500;11033000
154;13/08/2015 08:01:20;3718;8;3992;0;4600;18363200
155;15/08/2015 12:24:09;3979;9;7;0;7800;54600
156;15/08/2015 13:40:59;3785;9;30;0;7800;234000
157;15/08/2015 16:02:52;592;1;13657;0;6480;88497360
158;15/08/2015 16:06:02;592;1;11343;0;6480;73502640
159;15/08/2015 16:07:22;592;1;10000;0;6914;69140000
160;15/08/2015 16:08:12;592;1;15000;0;6873;103095000
161;16/08/2015 10:00:02;592;9;16669;0;7500;125017500
162;18/08/2015 11:57:14;592;9;16312;0;7500;122340000
163;19/08/2015 08:42:28;592;9;17349;0;7500;130117500
164;19/08/2015 08:42:41;592;9;16362;0;7500;122715000
165;19/08/2015 11:30:32;4000;9;10;0;7720;77200
166;19/08/2015 11:39:04;592;9;16531;0;7500;123982500
167;20/08/2015 09:51:17;592;9;15992;0;7500;119940000
168;20/08/2015 10:06:07;4007;9;25;0;7800;195000
169;20/08/2015 11:05:46;76;9;30;0;7800;234000
170;21/08/2015 08:11:04;592;9;16081;0;7500;120607500
171;24/08/2015 08:41:12;76;9;30;0;7800;234000
172;24/08/2015 09:18:09;4027;7;20;0;7000;140000
173;26/08/2015 15:13:01;3521;1;207;0;6320;1308240
174;26/08/2015 15:13:26;3521;1;884;0;6320;5586880
175;26/08/2015 15:14:52;3521;1;4009;0;6320;25336880
176;26/08/2015 15:16:41;3521;1;4430;0;6320;27997600
177;26/08/2015 15:19:06;3521;1;9532;0;6320;60242240
178;26/08/2015 15:24:15;3521;1;938;0;6320;5928160
179;27/08/2015 14:40:15;2145;9;30;0;8000;240000
180;28/08/2015 10:25:37;4027;7;25;0;8000;200000
181;31/08/2015 10:45:59;592;1;3436;0;6295;21629620
182;31/08/2015 10:48:16;592;1;14301;0;6309;90225010
183;31/08/2015 10:48:38;592;1;13882;0;6306;87539890
184;03/09/2015 08:17:36;76;9;30;0;8000;240000
185;03/09/2015 17:20:47;592;9;14856;0;8100;120333600
186;03/09/2015 17:21:06;592;9;15680;0;8100;127008000
187;04/09/2015 13:01:45;592;9;15661;0;8100;126854100
188;04/09/2015 13:02:58;592;9;16285;0;7500;122137500
189;07/09/2015 08:42:45;76;9;30;0;8000;240000
190;08/09/2015 08:13:52;592;9;15740;0;8100;127494000
191;08/09/2015 07:50:45;592;9;16030;0;8100;129843000
192;08/09/2015 07:51:07;592;9;16552;0;7500;124140000
193;12/09/2015 09:00:22;76;9;30;0;8500;255000
194;15/09/2015 09:21:47;96;1;12762;0;5936;75755232
195;15/09/2015 09:22:47;96;1;10510;0;5936;62387360
196;15/09/2015 09:23:07;96;1;6728;0;5936;39937408
197;15/09/2015 09:26:12;96;1;8702;0;5920;51515840
198;15/09/2015 09:27:20;96;1;6654;0;5920;39391680
199;15/09/2015 09:27:35;96;1;2567;0;5920;15196640
200;15/09/2015 09:28:21;96;1;12020;0;5920;71158400
201;15/09/2015 09:28:49;96;1;6585;0;5920;38983200
202;15/09/2015 09:29:24;96;1;11860;0;5920;70211200
203;15/09/2015 09:29:58;96;1;1612;0;5920;9543040
204;17/09/2015 06:40:35;76;9;30;0;8500;255000
205;17/09/2015 09:40:59;3718;7;2250;0;5200;11700000
206;17/09/2015 09:41:44;3718;7;3400;0;4500;15300000
207;19/09/2015 11:16:50;76;9;30;0;8500;255000
208;22/09/2015 17:02:03;96;1;14020;0;5664;79409280
209;22/09/2015 17:02:20;96;1;13630;0;5664;77200320
210;22/09/2015 17:03:13;96;1;2350;0;5664;13310400
211;22/09/2015 17:04:12;96;1;10830;0;5600;60648000
212;23/09/2015 07:25:20;96;1;4760;0;5600;26656000
213;23/09/2015 07:25:32;96;1;3529;0;5600;19762400
214;23/09/2015 07:26:15;96;1;881;0;5600;4933600
215;24/09/2015 07:38:38;592;9;15784;0;7500;118380000
216;25/09/2015 15:08:14;592;1;11955;0;5976;71443080
217;25/09/2015 15:08:38;592;1;13028;0;5976;77855328
218;27/09/2015 17:18:00;3521;1;11598;0;5720;66340560
219;27/09/2015 17:20:35;3521;1;5278;0;5760;30401280
220;27/09/2015 17:32:36;3521;1;12740;0;5760;73382400
221;28/09/2015 07:33:07;96;1;8402;0;5720;48059440
222;30/09/2015 14:12:40;4253;9;25;0;8500;212500
223;30/09/2015 08:57:45;592;1;13161;0;6044;79545090
224;30/09/2015 08:57:59;592;1;13960;0;6044;84374240
225;30/09/2015 08:59:27;592;1;13888;0;5758;79967100
226;01/10/2015 14:50:40;592;1;13137;0;5674;74539338
227;01/10/2015 14:50:59;592;1;13038;0;5674;73977612
228;01/10/2015 14:51:46;592;1;13662;0;5674;77518188
229;01/10/2015 14:53:02;592;1;13323;0;6034;80390982
230;01/10/2015 14:53:21;592;1;14771;0;6034;89128214
231;06/10/2015 09:28:32;96;1;8298;0;6000;49788000
232;06/10/2015 09:29:35;96;1;4262;0;6040;25742480
233;06/10/2015 09:30:59;96;1;13950;0;6040;84258000
234;06/10/2015 09:31:17;96;1;13600;0;6040;82144000
235;06/10/2015 09:32:25;96;1;14160;0;6040;85526400
236;06/10/2015 09:32:40;96;1;13060;0;6040;78882400
237;06/10/2015 09:33:04;96;1;12945;0;6040;78187800
238;06/10/2015 09:33:17;96;1;13800;0;6040;83352000
239;06/10/2015 09:34:02;96;1;14140;0;6040;85405600
240;06/10/2015 09:35:01;96;1;1982;0;5760;11416320
241;06/10/2015 09:35:30;96;1;1125;0;6000;6750000
242;06/10/2015 09:52:10;96;1;2949;0;6000;17694000
243;06/10/2015 09:52:23;96;1;3168;0;6000;19008000
244;06/10/2015 09:53:02;96;1;2743;0;6000;16458000
245;06/10/2015 09:53:42;96;1;2439;0;6000;14634000
246;06/10/2015 09:53:56;96;1;3684;0;6000;22104000
247;06/10/2015 09:54:12;96;1;3274;0;6000;19644000
248;06/10/2015 09:54:23;96;1;3662;0;6000;21972000
249;06/10/2015 09:54:38;96;1;3651;0;6000;21906000
250;06/10/2015 09:54:50;96;1;3666;0;6000;21996000
251;06/10/2015 09:55:03;96;1;5810;0;6000;34860000
252;06/10/2015 09:55:13;96;1;4250;0;6000;25500000
253;06/10/2015 09:55:26;96;1;1281;0;6000;7686000
254;09/10/2015 08:13:53;76;9;30;0;8500;255000
255;09/10/2015 10:55:46;277;9;15449,2;0;8200;126683440
256;09/10/2015 10:56:05;277;9;4114,92;0;8200;33742344
257;09/10/2015 10:58:41;277;9;16918,12;0;8200;138728584
258;09/10/2015 11:04:25;277;9;34420;0;8250;283965000
259;13/10/2015 12:00:08;77;9;11524;230;8100;93344400
260;13/10/2015 12:00:36;77;9;16085;317;8100;130288500
261;13/10/2015 12:08:49;77;9;16634;0;8100;134735400
262;13/10/2015 14:04:55;2105;9;25000;0;8400;210000000
263;15/10/2015 11:56:48;77;9;11484;0;8100;93020400
264;15/10/2015 12:04:17;77;9;997;0;8100;8075700
265;15/10/2015 12:11:21;592;1;13819;0;6480;89547120
266;15/10/2015 12:11:44;592;1;13583;0;6480;88017840
267;15/10/2015 12:14:54;592;1;13189;0;6480;85464720
268;15/10/2015 12:16:19;592;1;12527;0;6480;81174960
269;16/10/2015 18:29:22;96;1;13900;0;5840;81176000
270;16/10/2015 18:29:53;96;1;11812;0;5840;68982080
271;16/10/2015 18:30:42;96;1;13363;0;6040;80712520
272;16/10/2015 18:31:12;96;1;14026;0;6040;84717040
273;16/10/2015 18:31:49;96;1;13824;0;6040;83496960
274;16/10/2015 18:32:50;96;1;10493;0;6400;67155200
275;16/10/2015 18:33:59;96;1;14320;0;6400;91648000
276;16/10/2015 18:36:03;96;1;8599;0;6040;51937960
277;16/10/2015 18:36:33;96;1;5151;0;6400;32966400
278;16/10/2015 18:37:07;96;1;6806;0;6400;43558400
279;16/10/2015 18:38:26;96;1;4288;0;5840;25041920
280;16/10/2015 18:39:18;96;1;4288;0;5840;25041920
281;16/10/2015 18:39:55;96;1;83;0;6040;501320
282;16/10/2015 18:42:28;96;1;188;0;6040;1135520
283;16/10/2015 18:44:19;96;1;13230;0;6400;84672000
284;17/10/2015 09:24:46;76;9;30;0;8000;240000
285;20/10/2015 07:39:41;2279;7;29032;0;5000;145160000
286;20/10/2015 09:27:36;76;9;30;0;8000;240000
287;22/10/2015 15:28:08;592;9;16515;0;8100;133771500
288;23/10/2015 11:07:14;592;1;1882;0;6428;12097496
289;23/10/2015 11:08:59;592;1;11329;0;5912;66977048
290;23/10/2015 11:09:39;592;1;8671;0;5912;51262952
291;23/10/2015 11:12:14;592;1;10000;0;5912;59120000
292;23/10/2015 15:36:37;96;1;7844;0;6264;49134816
293;23/10/2015 15:36:53;96;1;11734;0;6264;73501776
294;23/10/2015 15:37:50;96;1;6740;0;6264;42219360
295;23/10/2015 15:38:23;96;1;13682;0;6264;85704048
296;23/10/2015 15:39:06;96;1;518;0;5880;3045840
297;23/10/2015 15:40:42;96;1;10000;0;6264;62640000
298;23/10/2015 15:41:05;96;1;2960;0;5880;17404800
299;23/10/2015 15:41:33;96;1;12990;0;5880;76381200
300;23/10/2015 15:42:10;96;1;13510;0;5880;79438800
301;23/10/2015 15:42:47;96;1;11930;0;5880;70148400
302;23/10/2015 15:43:20;96;1;8092;0;5880;47580960
303;26/10/2015 16:56:41;592;9;16217;0;8100;131357700
304;26/10/2015 17:00:54;592;1;44953;0;5714;256861442
305;28/10/2015 12:27:30;592;9;16586;0;8100;134346600
306;29/10/2015 17:17:01;96;1;3878;0;5720;22182160
307;29/10/2015 17:17:26;96;1;11172;0;5760;64350720
308;29/10/2015 17:18:12;96;1;13510;0;5720;77277200
309;29/10/2015 17:18:43;96;1;14140;0;5720;80880800
310;29/10/2015 17:19:12;96;1;14460;0;5720;82711200
311;29/10/2015 17:20:21;96;1;4012;0;5720;22948640
312;29/10/2015 17:20:49;96;1;8828;0;5760;50849280
313;30/10/2015 15:01:01;592;9;16718;0;8100;135415800
314;30/10/2015 15:01:14;592;9;13372;0;8100;108313200
315;30/10/2015 07:39:10;592;1;11935;0;5858;69915230
316;30/10/2015 07:39:30;592;1;13147;0;5858;77015126
317;30/10/2015 07:40:56;592;1;9967;0;5939;59194013
318;30/10/2015 07:41:26;592;1;14680;0;5939;87184520
319;30/10/2015 07:42:04;592;1;15278;0;5939;90736042
320;30/10/2015 07:43:40;592;1;13518;0;5939;80283402
321;03/11/2015 14:30:36;2279;15;28001;0;5000;140005000
322;04/11/2015 07:09:50;96;1;12510;0;5600;70056000
323;04/11/2015 07:10:07;96;1;13450;0;5600;75320000
324;04/11/2015 07:11:52;96;1;2518;0;5600;14100800
325;04/11/2015 07:12:06;96;1;13240;0;5600;74144000
326;04/11/2015 07:13:50;96;1;8282;0;5600;46379200
327;04/11/2015 07:15:12;96;1;5928;0;5800;34382400
328;04/11/2015 07:16:08;96;1;14540;0;5800;84332000
329;04/11/2015 07:16:36;96;1;12950;0;5800;75110000
330;04/11/2015 07:17:06;96;1;13130;0;5800;76154000
331;04/11/2015 07:17:58;96;1;3452;0;5800;20021600
332;05/11/2015 08:03:50;592;9;16834;0;8100;136355400
333;05/11/2015 08:04:04;592;9;16279;0;8100;131859900
334;06/11/2015 11:08:53;592;9;10621;0;8100;86030100
335;06/11/2015 11:10:10;592;9;7226;0;8100;58530600
336;07/11/2015 11:10:44;592;9;9791;0;8100;79307100
337;07/11/2015 14:21:11;77;9;15543;320;8030;124810290
338;09/11/2015 09:21:34;3607;7;1996;0;5300;10578800
339;09/11/2015 15:33:28;592;9;16096;0;8100;130377600
340;09/11/2015 15:33:44;592;9;16901;0;8100;136898100
341;09/11/2015 15:47:33;96;1;10138;0;5760;58394880
342;09/11/2015 15:47:54;96;1;11368;0;5760;65479680
343;09/11/2015 15:48:10;96;1;7570;0;5760;43603200
344;09/11/2015 15:49:22;96;1;10088;0;5760;58106880
345;09/11/2015 15:49:39;96;1;13440;0;5760;77414400
346;09/11/2015 15:51:04;96;1;12770;0;5760;73555200
347;10/11/2015 11:46:25;592;9;17012;0;8100;137797200
348;12/11/2015 09:13:17;592;9;16901;0;8100;136898100
349;13/11/2015 10:25:19;592;9;15123;0;8100;122496300
350;13/11/2015 10:26:11;592;9;16790;0;8100;135999000
351;14/11/2015 12:12:11;592;9;15853;0;8100;128409300
352;14/11/2015 12:14:10;592;9;16860;0;8100;136566000
353;14/11/2015 15:39:54;96;1;12660;0;5824;73731840
354;14/11/2015 15:40:06;96;1;9980;0;5824;58123520
355;14/11/2015 15:42:08;96;1;14300;0;5824;83283200
356;14/11/2015 15:42:21;96;1;13000;0;5824;75712000
357;14/11/2015 15:43:07;96;1;8520;0;5824;49620480
358;14/11/2015 15:43:53;96;1;11540;0;5824;67208960
361;14/11/2015 10:26:30;592;9;15598;0;8330;129931340
362;14/11/2015 10:27:19;592;9;16890;0;8330;140693700
363;14/11/2015 13:31:54;592;9;348;0;8100;2818800
364;14/11/2015 13:33:45;592;9;15670;0;8330;130531100
365;17/11/2015 17:39:11;96;1;13330;0;5840;77847200
366;17/11/2015 17:39:32;96;1;13540;0;5840;79073600
367;17/11/2015 17:40:15;96;1;13820;0;5840;80708800
368;17/11/2015 17:40:49;96;1;9310;0;5840;54370400
369;18/11/2015 08:45:11;667;9;100;0;8500;850000
370;19/11/2015 07:01:03;592;9;16959;0;8330;141268470
371;19/11/2015 07:03:49;592;9;16002;0;8330;133296660
372;19/11/2015 18:20:23;96;1;1210;0;6016;7279360
373;19/11/2015 18:20:39;96;1;4860;0;6016;29237760
374;19/11/2015 18:21:23;96;1;13770;0;6016;82840320
375;19/11/2015 18:21:57;96;1;14210;0;6016;85487360
376;19/11/2015 18:22:33;96;1;13440;0;6016;80855040
377;19/11/2015 18:23:15;96;1;2510;0;6016;15100160
378;20/11/2015 15:58:05;592;1;11985;0;5928;71047080
379;20/11/2015 15:58:24;592;1;14085;0;5928;83495880
380;20/11/2015 15:59:00;592;1;11955;0;5928;70869240
381;20/11/2015 15:59:39;592;1;12045;0;5928;71402760
382;20/11/2015 16:08:56;592;9;16499;0;8330;137436670
383;20/11/2015 16:16:36;3718;8;1607;0;4500;7231500
384;20/11/2015 16:20:03;3718;7;1776;0;5300;9412800
385;23/11/2015 14:32:46;592;9;2382;0;8330;19842060
386;23/11/2015 14:36:23;592;9;13613;0;8600;117071800
387;23/11/2015 14:37:02;592;9;16771;0;8600;144230600
388;23/11/2015 18:01:10;96;1;13860;0;6080;84268800
389;23/11/2015 18:01:26;96;1;11200;0;6080;68096000
390;23/11/2015 18:01:42;96;1;8240;0;6080;50099200
391;23/11/2015 18:04:16;96;1;7620;0;6080;46329600
392;23/11/2015 18:04:29;96;1;13270;0;6080;80681600
393;24/11/2015 18:07:49;96;1;11645;0;6160;71733200
394;24/11/2015 18:08:12;96;1;12560;0;6160;77369600
395;24/11/2015 18:08:39;96;1;8890;0;6160;54762400
396;24/11/2015 18:08:55;96;1;13000;0;6160;80080000
397;24/11/2015 18:09:45;96;1;3905;0;6160;24054800
398;24/11/2015 18:10:22;96;1;8865;0;6120;54253800
399;24/11/2015 18:11:45;96;1;12570;0;6120;76928400
400;24/11/2015 18:12:17;96;1;10325;0;6120;63189000
401;24/11/2015 06:52:54;96;1;14050;0;6120;85986000
402;25/11/2015 10:55:17;77;9;15467;328;8550;132242850
403;26/11/2015 11:05:06;592;9;17346;0;8600;149175600
404;26/11/2015 15:10:26;592;9;15742;0;8600;135381200
405;27/11/2015 18:29:22;592;9;16670;0;8600;143362000
406;27/11/2015 18:29:59;592;9;16714;0;8600;143740400
407;28/11/2015 13:43:01;592;9;3144;0;8600;27038400
408;28/11/2015 13:44:29;592;9;13338;0;8670;115640460
409;30/11/2015 11:06:49;592;9;16081;0;8670;139422270
410;30/11/2015 11:07:47;592;9;16251;0;8670;140896170
411;01/12/2015 17:55:06;96;1;3625;0;6200;22475000
412;01/12/2015 17:55:42;96;1;12670;0;6200;78554000
413;01/12/2015 17:56:27;96;1;14160;0;6200;87792000
414;01/12/2015 17:57:27;96;1;12690;0;6200;78678000
415;01/12/2015 17:57:43;96;1;9125;0;6200;56575000
416;01/12/2015 17:58:17;96;1;13650;0;6200;84630000
417;01/12/2015 17:59:38;96;1;9420;0;6200;58404000
418;01/12/2015 18:00:00;96;1;13460;0;6200;83452000
419;01/12/2015 18:00:52;96;1;2957;0;6200;18333400
420;01/12/2015 09:47:44;96;1;8243;0;6200;51106600
421;01/12/2015 09:48:01;96;1;5467;0;6000;32802000
422;01/12/2015 09:48:18;96;1;13080;0;6000;78480000
423;01/12/2015 09:49:06;96;1;12900;0;6000;77400000
424;01/12/2015 09:50:21;96;1;9750;0;6000;58500000
425;01/12/2015 09:50:34;96;1;13000;0;6000;78000000
426;01/12/2015 09:50:53;96;1;14070;0;6000;84420000
427;01/12/2015 09:55:19;96;1;13880;0;6000;83280000
428;01/12/2015 09:56:06;96;1;13130;0;6000;78780000
429;01/12/2015 09:56:48;96;1;4723;0;6000;28338000
430;04/12/2015 18:22:47;96;1;10353;0;6440;66673320
431;04/12/2015 18:23:34;96;1;2267;0;6440;14599480
432;04/12/2015 18:24:30;96;1;14360;0;6440;92478400
433;04/12/2015 18:25:00;96;1;13590;0;6440;87519600
434;04/12/2015 18:25:45;96;1;14230;0;6440;91641200
435;04/12/2015 18:26:44;96;1;5553;0;6440;35761320
436;04/12/2015 18:29:01;96;1;8807;0;6280;55307960
437;04/12/2015 18:30:13;96;1;14120;0;6280;88673600
438;04/12/2015 18:31:01;96;1;12830;0;6280;80572400
439;04/12/2015 18:31:30;96;1;13740;0;6280;86287200
440;04/12/2015 18:32:08;96;1;503;0;6280;3158840
441;04/12/2015 18:33:01;96;1;12477;0;6320;78854640
442;04/12/2015 18:33:52;96;1;10570;0;6320;66802400
443;04/12/2015 18:34:15;96;1;13000;0;6320;82160000
444;04/12/2015 18:34:57;96;1;13590;0;6320;85888800
445;04/12/2015 18:35:24;96;1;363;0;6320;2294160
446;04/12/2015 18:37:18;96;1;13197;0;6440;84988680
447;04/12/2015 18:37:34;96;1;13740;0;6440;88485600
448;04/12/2015 18:39:26;96;1;12710;0;6440;81852400
449;04/12/2015 07:06:38;592;9;17544;0;8670;152106480
450;04/12/2015 07:06:54;592;9;17584;0;8670;152453280
451;04/12/2015 07:17:57;592;9;15642;0;8670;135616140
452;04/12/2015 14:14:36;592;9;3560;0;8670;30865200
453;04/12/2015 14:15:01;592;9;12082;0;8900;107529800
454;04/12/2015 17:59:14;3718;7;2255,5;0;5500;12405250
455;04/12/2015 18:00:42;3718;8;2205,5;0;4500;9924750
456;04/12/2015 16:49:57;592;1;14167;0;6160;87268720
457;04/12/2015 16:51:04;592;1;11875;0;6176;73340000
458;04/12/2015 16:51:38;592;1;14032;0;6176;86661632
459;04/12/2015 16:52:15;592;1;13932;0;6176;86044032
460;07/12/2015 17:31:10;592;9;15167;0;8900;134986300
461;07/12/2015 17:32:26;592;9;9798;0;8900;87202200
462;07/12/2015 17:34:07;592;0;16034;0;8900;142702600
463;07/12/2015 17:35:15;592;9;16034;0;8900;142702600
464;07/12/2015 17:43:09;592;9;16293;0;8900;145007700
465;09/12/2015 18:38:41;96;1;14410;0;6760;97411600
466;09/12/2015 18:39:00;96;1;14030;0;6760;94842800
467;09/12/2015 18:40:04;96;1;12210;0;6760;82539600
468;09/12/2015 18:41:52;96;1;14030;0;6760;94842800
469;09/12/2015 18:42:48;96;1;13710;0;6760;92679600
470;09/12/2015 18:43:56;96;1;5000;0;5600;28000000
471;09/12/2015 18:44:35;96;1;7547;0;6760;51017720
472;09/12/2015 18:45:11;96;1;12850;0;6760;86866000
473;09/12/2015 18:45:38;96;1;11213;0;6760;75799880
474;10/12/2015 18:49:51;592;9;16940;0;8900;150766000
475;10/12/2015 18:56:32;592;9;13636;0;8900;121360400
476;10/12/2015 18:57:26;592;9;2681;0;9200;24665200
477;14/12/2015 17:32:30;96;1;11739;0;6440;75599160
478;14/12/2015 17:32:44;96;1;6774;0;6440;43624560
479;14/12/2015 17:33:59;96;1;6271;0;6424;40284904
480;14/12/2015 17:36:03;96;1;2527;0;6440;16273880
481;14/12/2015 17:37:27;96;1;12870;0;6440;82882800
482;14/12/2015 17:38:23;96;1;12870;0;6440;82882800
483;14/12/2015 17:38:51;96;1;13830;0;6440;89065200
484;14/12/2015 17:39:25;96;1;13750;0;6440;88550000
485;14/12/2015 17:39:58;96;1;13030;0;6440;83913200
486;14/12/2015 17:40:55;96;1;12610;0;6440;81208400
487;14/12/2015 17:41:46;96;1;13106;0;6424;84192944
488;14/12/2015 17:42:13;96;1;11995;0;6424;77055880
489;14/12/2015 17:42:45;96;1;13100;0;6424;84154400
490;14/12/2015 17:43:22;96;1;14070;0;6424;90385680
491;14/12/2015 17:44:02;96;1;13990;0;6424;89871760
492;15/12/2015 08:15:59;592;9;3000;0;7500;22500000
493;15/12/2015 08:17:03;592;9;14010;0;9200;128892000
494;15/12/2015 08:24:52;592;9;16125;0;9200;148350000
495;15/12/2015 11:37:44;96;1;33195;737;6720;223070400
496;15/12/2015 11:38:57;96;1;33868;0;6720;227592960
497;15/12/2015 11:40:28;96;1;32414;0;6720;217822080
498;17/12/2015 09:30:13;592;9;17466;0;9200;160687200
499;19/12/2015 16:28:48;592;9;15880;0;9200;146096000
500;21/12/2015 18:14:18;592;9;16653;0;9200;153207600
501;22/12/2015 11:16:49;592;9;16593;0;9200;152655600
502;22/12/2015 10:11:58;1212;9;16485;339;9330;153805050
503;23/12/2015 10:13:18;1212;9;14625;290;9330;136451250
504;23/12/2015 10:14:44;1212;9;6303;127;9330;58806990
505;23/12/2015 10:15:01;1212;9;14477;127;9330;135070410
506;23/12/2015 13:43:38;77;9;37609;778;9300;349763700
507;23/12/2015 14:36:29;4844;9;2002;40;9300;18618600
508;28/12/2015 15:19:48;96;1;34186;736;6640;226995040
509;28/12/2015 15:20:51;96;1;32550;736;6640;216132000
510;28/12/2015 16:13:51;96;1;32732;0;6640;217340480
511;28/12/2015 18:13:19;96;1;13294;0;6384;84868896
512;28/12/2015 18:13:35;96;1;13890;0;6384;88673760
513;28/12/2015 18:14:54;96;1;12954;0;6384;82698336
514;29/12/2015 08:51:27;592;1;10161;0;6114;62124354
515;29/12/2015 08:52:13;592;1;1844;0;6154;11347976
516;29/12/2015 13:10:27;96;1;11475;0;6384;73256400
517;29/12/2015 13:10:50;96;1;500;0;5600;2800000
518;29/12/2015 13:11:14;96;1;7790;0;6384;49731360
519;29/12/2015 13:11:33;96;1;300;0;5600;1680000
520;29/12/2015 13:12:29;96;1;8203;0;6384;52367952
521;30/12/2015 19:06:57;96;1;7978;0;6384;50931552
522;30/12/2015 19:07:32;96;1;6402;0;6384;40870368
523;30/12/2015 19:08:01;96;1;12810;0;6384;81779040
524;30/12/2015 19:09:21;96;1;12015;0;6384;76703760
525;30/12/2015 19:09:39;96;1;14005;0;6384;89407920
526;31/12/2015 10:56:42;4878;7;1,5;0;8000;12000
527;31/12/2015 10:54:47;96;1;6652;0;6384;42466368
528;05/01/2016 13:16:35;96;1;4827;0;6336;30583872
529;05/01/2016 13:16:52;96;1;13645;0;6336;86454720
530;05/01/2016 13:17:14;96;1;300;0;5600;1680000
531;05/01/2016 13:21:05;96;1;12345;0;6336;78217920
532;05/01/2016 13:21:58;96;1;300;0;5600;1680000
533;05/01/2016 13:22:34;96;1;13150;0;6336;83318400
534;05/01/2016 13:23:06;96;1;300;0;5600;1680000
535;05/01/2016 13:23:40;96;1;6033;0;6336;38225088
536;05/01/2016 13:24:31;96;1;6507;0;6288;40916016
537;05/01/2016 13:25:47;96;1;300;0;5600;1680000
538;05/01/2016 13:28:28;96;1;10025;0;6288;63037200
539;05/01/2016 13:28:43;96;1;14080;0;6288;88535040
540;05/01/2016 13:30:11;96;1;300;0;5600;1680000
541;05/01/2016 13:30:44;96;1;12680;0;6288;79731840
542;05/01/2016 13:31:26;96;1;300;0;5600;1680000
543;05/01/2016 13:31:59;96;1;6708;0;6288;42179904
544;14/01/2016 14:18:38;77;9;1965;38;8600;16899000
545;14/01/2016 14:19:58;77;9;28835;309;8600;247981000
546;14/01/2016 14:20:56;77;9;35277;725;8600;303382200
547;14/01/2016 07:41:13;77;9;3483;69;8600;29953800
548;14/01/2016 07:41:33;77;9;1800;36;8600;15480000
549;16/01/2016 11:15:05;46;9;9235;191;8461;78137335
550;16/01/2016 11:18:07;46;9;9426;190;8461;79753386
551;16/01/2016 13:56:19;96;1;7195;0;6240;44896800
552;16/01/2016 13:57:19;96;1;7140;0;6240;44553600
553;16/01/2016 13:57:42;96;1;11860;0;6240;74006400
554;16/01/2016 13:58:22;96;1;400;0;5600;2240000
555;16/01/2016 14:00:34;96;1;13754;0;6240;85824960
556;16/01/2016 14:00:56;96;1;400;0;5600;2240000
557;16/01/2016 14:01:56;96;1;12825;0;6240;80028000
558;16/01/2016 14:02:17;96;1;400;0;5600;2240000
559;16/01/2016 14:03:06;96;1;13160;0;6240;82118400
560;16/01/2016 14:03:43;96;1;400;0;5600;2240000
561;16/01/2016 14:04:00;96;1;10567;0;6240;65938080
562;16/01/2016 14:05:17;96;1;400;0;5600;2240000
563;16/01/2016 14:06:04;96;0;11750;0;6240;73320000
564;16/01/2016 14:06:44;96;0;11750;0;6240;73320000
565;16/01/2016 14:07:10;96;1;11750;0;6240;73320000
566;16/01/2016 14:07:25;96;1;11749;0;6240;73313760
567;19/01/2016 08:15:34;2417;9;1000;0;8200;8200000
568;19/01/2016 08:20:22;2417;9;972;40;8200;7970400
569;22/01/2016 17:44:33;592;1;13084;0;6368;83318912
570;22/01/2016 17:46:03;592;1;394;0;6368;2508992
571;22/01/2016 17:46:59;592;1;13814;0;6392;88299088
572;22/01/2016 17:48:39;592;1;13003;0;6368;82803104
573;22/01/2016 17:52:22;592;1;3519;0;6368;22408992
574;22/01/2016 17:53:23;592;1;8156;0;6185;50444860
575;22/01/2016 15:31:41;96;1;4110;0;6360;26139600
576;22/01/2016 15:33:09;96;1;12970;0;6360;82489200
577;22/01/2016 15:33:35;96;1;500;0;5600;2800000
578;22/01/2016 15:35:35;96;1;12340;0;6360;78482400
579;22/01/2016 15:36:38;96;1;500;0;5600;2800000
580;22/01/2016 15:37:09;96;1;12505;0;6360;79531800
581;22/01/2016 15:37:44;96;1;500;0;5600;2800000
582;22/01/2016 15:38:51;96;1;13789;0;6360;87698040
583;22/01/2016 15:39:05;96;1;500;0;5600;2800000
584;22/01/2016 15:43:01;96;1;14080;0;6552;92252160
585;22/01/2016 15:43:25;96;1;13894;0;6552;91033488
586;22/01/2016 15:43:58;96;1;13262;0;6552;86892624
587;22/01/2016 15:44:33;96;1;3050;0;6552;19983600
588;22/01/2016 08:52:23;3718;7;2006;0;5300;10631800
589;22/01/2016 08:53:03;3718;8;2994;0;4400;13173600
590;26/01/2016 17:42:18;96;1;8667;0;6480;56162160
591;26/01/2016 17:42:39;96;1;300;0;5600;1680000
592;26/01/2016 17:44:04;96;1;6482;0;6480;42003360
593;26/01/2016 17:44:41;96;1;7528;0;6672;50226816
594;26/01/2016 17:46:06;96;1;13100;0;6672;87403200
595;26/01/2016 17:46:29;96;1;14223;0;6672;94895856
596;27/01/2016 14:50:20;592;9;1692;0;9200;15566400
597;27/01/2016 14:50:56;592;9;15525;0;8700;135067500
598;27/01/2016 14:51:33;592;9;16524;0;8700;143758800
599;27/01/2016 06:51:45;592;1;12015;0;6787;81545810
600;28/01/2016 11:10:48;592;9;1000;0;7500;7500000
601;28/01/2016 11:11:05;592;9;15732;0;8700;136868400
602;28/01/2016 17:15:41;96;1;8692;0;6520;56671840
603;28/01/2016 17:16:00;96;1;7294;0;6520;47556880
604;28/01/2016 17:20:18;96;1;4171;0;6520;27194920
605;28/01/2016 17:21:11;96;1;500;0;5600;2800000
606;28/01/2016 17:21:51;96;1;5829;0;6520;38005080
607;28/01/2016 17:27:58;96;1;5000;0;6520;32600000
608;28/01/2016 17:29:05;96;1;500;0;5600;2800000
609;28/01/2016 17:31:15;96;1;8017;0;6520;52270840
610;28/01/2016 17:31:36;96;1;2706;0;6520;17643120
611;28/01/2016 17:32:11;96;1;500;0;5600;2800000
612;28/01/2016 17:33:47;96;1;8291;0;6560;54388960
613;29/01/2016 08:21:19;96;1;13220;0;6496;85877120
614;29/01/2016 08:21:46;96;1;12660;0;6496;82239360
615;29/01/2016 08:22:03;96;1;500;0;5600;2800000
616;29/01/2016 08:22:23;96;1;13425;0;6496;87208800
617;29/01/2016 08:22:36;96;1;500;0;5600;2800000
618;29/01/2016 08:23:36;96;1;12410;0;6496;80615360
619;29/01/2016 08:23:51;96;1;500;0;5600;2800000
620;29/01/2016 08:24:08;96;1;10175;0;6496;66096800
621;29/01/2016 08:24:51;96;1;3225;0;6480;20898000
622;29/01/2016 08:25:05;96;1;500;0;5600;2800000
623;29/01/2016 08:25:24;96;1;13420;0;6480;86961600
624;29/01/2016 08:25:40;96;1;500;0;5600;2800000
625;29/01/2016 08:26:30;96;1;8177;0;6672;54556944
626;29/01/2016 08:27:00;96;1;13390;0;6496;86981440
627;29/01/2016 08:27:15;96;1;500;0;5600;2800000
628;29/01/2016 08:27:29;96;1;12440;0;6496;80810240
629;29/01/2016 08:27:43;96;1;500;0;5600;2800000
630;29/01/2016 08:28:12;96;1;12280;0;6496;79770880
631;29/01/2016 08:28:27;96;1;500;0;5600;2800000
632;29/01/2016 11:28:07;96;1;4658;0;6480;30183840
633;29/01/2016 11:28:22;96;1;10510;0;6480;68104800
634;29/01/2016 11:28:58;96;1;500;0;5600;2800000
635;29/01/2016 11:29:47;96;1;500;0;5600;2800000
636;02/02/2016 11:32:38;592;9;1000;0;7500;7500000
637;02/02/2016 11:36:43;592;9;15733;0;8700;136877100
638;03/02/2016 18:10:04;96;1;8004;0;6640;53146560
639;03/02/2016 18:10:18;96;1;13121;0;6640;87123440
640;03/02/2016 18:10:55;96;1;500;0;5600;2800000
641;03/02/2016 18:11:48;96;1;12580;0;6640;83531200
642;03/02/2016 18:12:32;96;1;12890;0;6640;85589600
643;03/02/2016 18:12:53;96;1;500;0;5600;2800000
644;03/02/2016 18:14:02;96;1;500;0;5600;2800000
645;03/02/2016 18:14:27;96;1;3405;0;6640;22609200
646;04/02/2016 17:12:57;592;9;1000;0;7500;7500000
647;04/02/2016 17:17:27;592;9;8386;0;8700;72958200
648;04/02/2016 17:17:58;592;9;7415;0;8400;62286000
649;04/02/2016 17:20:04;592;9;1000;0;7500;7500000
650;04/02/2016 17:20:21;592;9;15891;0;8400;133484400
651;04/02/2016 17:21:04;592;9;1000;0;7500;7500000
652;04/02/2016 17:21:35;592;9;16277;0;8400;136726800
653;04/02/2016 17:22:05;592;9;1000;0;7500;7500000
654;04/02/2016 17:22:51;592;9;15042;0;8400;126352800
655;04/02/2016 18:02:49;96;1;10885;0;6720;73147200
656;04/02/2016 18:03:18;96;1;1250;0;6720;8400000
657;04/02/2016 18:03:41;96;1;11020;0;6720;74054400
658;04/02/2016 18:04:48;96;1;2000;0;5600;11200000
659;04/02/2016 18:05:26;96;1;1589;0;6720;10678080
660;04/02/2016 18:06:43;96;1;13350;0;6912;92275200
661;05/02/2016 18:07:38;96;1;14180;0;6680;94722400
662;05/02/2016 18:07:52;96;1;12915;0;6680;86272200
663;05/02/2016 18:08:29;96;1;14821;0;6680;99004280
664;05/02/2016 18:09:23;96;1;8084;0;6680;54001120
665;05/02/2016 18:09:52;96;1;2000;0;5600;11200000
666;05/02/2016 15:37:39;592;9;1000;0;7500;7500000
667;05/02/2016 15:38:00;592;9;15438;0;8400;129679200
668;05/02/2016 15:41:50;592;9;1000;0;7500;7500000
669;05/02/2016 15:42:06;592;9;16277;0;8400;136726800
670;05/02/2016 07:49:01;96;1;11930;0;6720;80169600
671;08/02/2016 11:45:27;592;9;15733;0;8400;132157200
672;08/02/2016 11:45:45;592;9;1000;0;7500;7500000
673;08/02/2016 15:20:43;592;9;16267;0;8400;136642800
674;08/02/2016 15:27:30;592;9;1000;0;7500;7500000
675;08/02/2016 16:39:05;96;1;13335;0;6600;88011000
676;08/02/2016 16:39:20;96;1;13702;0;6600;90433200
677;08/02/2016 16:43:13;96;1;12963;0;6600;85555800
678;08/02/2016 16:43:50;96;1;942;0;5600;5275200
679;10/02/2016 07:54:26;592;9;1660;0;8400;13944000
680;10/02/2016 07:54:40;592;9;1000;0;7500;7500000
681;10/02/2016 07:54:55;592;9;14627;0;8450;123598150
682;10/02/2016 07:55:10;592;9;1000;0;7500;7500000
683;10/02/2016 07:55:26;592;9;16110;0;8450;136129500
684;12/02/2016 15:40:07;592;9;16247;0;8450;137287150
685;12/02/2016 15:40:46;592;9;1000;0;7500;7500000
686;12/02/2016 15:54:10;592;9;12892;0;7032;90656544
687;12/02/2016 15:54:23;592;9;3777;0;7032;26559864
688;12/02/2016 15:54:40;592;9;10097;0;7032;71002104
689;12/02/2016 15:55:06;592;9;14107;0;7032;99200424
690;12/02/2016 15:55:23;592;9;12955;0;7032;91099560
691;12/02/2016 15:55:49;592;9;12901;0;7032;90719832
692;12/02/2016 15:56:40;592;9;12990;0;6832;88747680
693;12/02/2016 15:56:56;592;9;8142;0;6832;55626144
694;12/02/2016 15:57:10;592;9;11613;0;6832;79340016
695;12/02/2016 15:57:29;592;9;12860;0;6832;87859520
696;12/02/2016 15:57:57;592;9;14290;0;6832;97629280
697;12/02/2016 15:59:03;592;9;14304;0;7032;100585728
698;12/02/2016 15:59:16;592;9;13253;0;7032;93195096
699;12/02/2016 16:00:09;96;1;5714;0;7032;40180848
700;12/02/2016 16:00:40;96;1;8246;0;6832;56336672
701;12/02/2016 16:00:54;96;1;14110;0;6832;96399520
702;12/02/2016 16:02:22;96;1;14310;0;6832;97765920
703;12/02/2016 16:02:37;96;1;3439;0;6832;23495248
704;16/02/2016 13:12:09;592;9;1000;0;7500;7500000
705;16/02/2016 13:12:38;592;9;3016;0;8450;25485200
706;16/02/2016 13:15:52;592;9;13241;0;8400;111224400
707;16/02/2016 13:16:36;592;9;1000;0;7500;7500000
708;16/02/2016 13:17:05;592;9;16237;0;8400;136390800
709;16/02/2016 13:24:31;592;9;1000;0;7500;7500000
710;16/02/2016 13:24:45;592;9;16139;0;8400;135567600
711;17/02/2016 09:28:54;3718;8;5460;0;4400;24024000
712;17/02/2016 09:39:52;592;1;1000;0;7500;7500000
713;17/02/2016 09:40:08;592;1;16237;0;8400;136390800
714;17/02/2016 14:02:41;592;9;1000;0;7500;7500000
715;17/02/2016 14:02:57;592;9;16267;0;8400;136642800
716;17/02/2016 17:37:32;96;1;11485;0;6792;78006120
717;17/02/2016 17:46:49;96;1;14503;0;6792;98504376
718;17/02/2016 17:47:05;96;1;15028;0;6792;102070176
719;17/02/2016 17:47:43;96;1;8984;0;6792;61019328
720;19/02/2016 07:54:18;592;9;1000;0;7500;7500000
721;19/02/2016 07:55:26;592;9;16317;0;8400;137062800
722;22/02/2016 15:52:20;592;9;5562;0;8400;46720800
723;22/02/2016 15:52:38;592;9;1000;0;7500;7500000
724;22/02/2016 15:53:39;592;9;10755;0;8450;90879750
725;22/02/2016 15:55:46;592;9;1000;0;7500;7500000
726;22/02/2016 15:56:12;592;9;13623;0;8450;115114350
727;22/02/2016 15:56:37;592;9;2547;0;8450;21522150
728;23/02/2016 11:51:54;592;9;16307;0;8450;137794150
729;23/02/2016 11:52:09;592;9;1000;0;7500;7500000
730;23/02/2016 11:53:02;592;9;16675;0;8450;140903750
731;23/02/2016 11:54:33;592;9;1000;0;7500;7500000
732;23/02/2016 15:35:09;96;1;1713;0;6520;11168760
733;23/02/2016 15:35:23;96;1;2140;0;6520;13952800
734;23/02/2016 15:36:00;96;1;1601;0;6520;10438520
735;23/02/2016 15:36:35;96;1;1891;0;6520;12329320
736;23/02/2016 15:37:06;96;1;2937;0;6520;19149240
737;23/02/2016 16:03:18;96;1;13079;0;6520;85275080
738;23/02/2016 16:03:33;96;1;10587;0;6520;69027240
739;23/02/2016 16:04:14;96;1;14536;0;6520;94774720
740;23/02/2016 16:04:49;96;1;1516;0;6520;9884320
741;23/02/2016 16:05:24;96;1;1500;0;5600;8400000
742;23/02/2016 08:58:25;592;9;1000;0;7500;7500000
743;23/02/2016 08:58:45;592;9;16287;0;8450;137625150
744;24/02/2016 15:12:31;592;9;16277;0;8450;137540650
745;24/02/2016 15:12:45;592;9;1000;0;7500;7500000
746;24/02/2016 15:49:40;592;9;7529;0;8450;63620050
747;24/02/2016 15:49:54;592;9;1000;0;7500;7500000
748;25/02/2016 07:15:50;592;9;8758;0;8600;75318800
749;25/02/2016 07:16:08;592;9;1000;0;7500;7500000
750;25/02/2016 07:16:44;592;9;16287;0;8600;140068200
751;26/02/2016 10:07:09;592;9;16267;0;8600;139896200
752;26/02/2016 10:07:23;592;9;1000;0;7500;7500000
753;26/02/2016 10:32:29;592;9;352;0;7500;2640000
754;26/02/2016 10:32:57;592;9;16925;0;8600;145555000
755;29/02/2016 17:29:06;96;1;6066;0;6592;39987072
756;29/02/2016 17:29:26;96;1;14870;0;6592;98023040
757;29/02/2016 17:30:08;96;1;14290;0;6592;94199680
758;29/02/2016 17:30:45;96;1;8864;0;6592;58431488
759;29/02/2016 17:31:16;96;1;5910;0;6592;38958720
760;01/03/2016 13:26:09;592;9;17277;0;8600;148582200
761;02/03/2016 09:30:01;592;9;17277;0;8600;148582200
762;02/03/2016 08:37:17;592;9;7209;0;8600;61997400
763;04/03/2016 15:37:49;1212;9;17039;340;8600;146535400
764;04/03/2016 15:38:03;1212;9;17105;340;8600;147103000
765;04/03/2016 15:39:14;1212;9;16890;340;8600;145254000
766;04/03/2016 15:41:31;96;1;8120;0;6592;53527040
767;04/03/2016 15:41:46;96;1;14400;0;6592;94924800
768;04/03/2016 15:42:21;96;1;14422;0;6592;95069824
769;04/03/2016 15:45:12;96;1;14020;0;6592;92419840
770;04/03/2016 15:45:23;96;1;13650;0;6592;89980800
771;04/03/2016 15:46:20;96;1;14210;0;6592;93672320
772;04/03/2016 15:46:50;96;1;800;0;6592;5273600
773;04/03/2016 15:47:11;96;1;10850;0;6592;71523200
774;04/03/2016 15:48:27;96;1;14160;0;6592;93342720
775;04/03/2016 15:50:46;96;1;9790;0;6592;64535680
776;04/03/2016 15:50:59;96;1;4808;0;6592;31694336
777;04/03/2016 15:51:21;96;1;15530;0;6592;102373760
778;04/03/2016 15:51:49;96;1;15240;0;6592;100462080
779;08/03/2016 10:53:59;1212;9;16210;320;8600;139406000
780;08/03/2016 10:54:12;1212;9;1042;20;8600;8961200
781;08/03/2016 11:28:22;96;1;818;0;6592;5392256
782;08/03/2016 11:28:55;96;1;14000;0;6592;92288000
783;08/03/2016 11:29:14;96;1;14390;0;6592;94858880
784;08/03/2016 11:29:50;96;1;14200;0;6592;93606400
785;08/03/2016 11:30:05;96;1;6592;0;6592;43454464
786;09/03/2016 11:35:00;1212;9;17257;337;8600;148410200
787;09/03/2016 11:35:47;1212;9;17254;340;8600;148384400
788;09/03/2016 17:24:40;96;1;7948;0;6752;53664896
789;09/03/2016 17:24:57;96;1;14480;0;6752;97768960
790;09/03/2016 17:25:39;96;1;9912;0;6752;66925824
791;09/03/2016 17:27:22;96;1;5458;0;6752;36852416
792;09/03/2016 17:28:14;96;1;12202;0;6752;82387904
793;10/03/2016 17:43:27;1212;9;16971;340;8600;145950600
794;11/03/2016 17:47:44;1212;9;16991;340;8600;146122600
795;11/03/2016 17:48:02;1212;9;13046;260;8600;112195600
796;11/03/2016 08:02:51;96;1;8014;0;5600;44878400
797;11/03/2016 08:03:08;96;1;5644;0;5600;31606400
798;11/03/2016 08:04:15;77;7;21067;0;4920;103649640
799;11/03/2016 13:31:53;592;9;10085;0;8600;86731000
800;11/03/2016 13:32:40;592;9;17009;0;8600;146277400
801;11/03/2016 13:33:15;592;9;17287;0;8600;148668200
802;11/03/2016 13:38:29;96;1;14400;0;6792;97804800
803;11/03/2016 13:41:37;96;1;8356;0;6600;55149600
804;11/03/2016 13:42:37;96;1;13850;0;6600;91410000
805;11/03/2016 13:43:16;96;1;3528;0;6792;23962176
806;11/03/2016 13:43:38;96;1;9866;0;6792;67009872
807;14/03/2016 16:38:07;592;9;17197;0;8600;147894200
808;14/03/2016 16:38:25;592;9;17237;0;8600;148238200
809;14/03/2016 17:01:20;183;1;6500;0;6123;39799500
810;15/03/2016 12:53:49;3718;14;2006,5;0;3000;6019500
811;15/03/2016 13:01:55;3718;8;3004;0;4400;13217600
812;15/03/2016 08:13:02;592;9;17207;0;8600;147980200
813;18/03/2016 16:40:46;96;1;6394;0;6976;44604544
814;18/03/2016 16:41:08;96;1;15820;0;6976;110360320
815;18/03/2016 16:41:43;96;1;12030;0;6976;83921280
816;18/03/2016 16:42:21;96;1;15060;0;6976;105058560
817;18/03/2016 16:43:01;96;1;696;0;6976;4855296
818;18/03/2016 09:41:46;96;1;10000;0;5600;56000000
819;23/03/2016 17:53:49;96;1;13724;0;6952;95409248
820;23/03/2016 17:54:50;96;1;14790;0;6952;102820080
821;23/03/2016 17:55:29;96;1;7566;0;6952;52598832
822;23/03/2016 17:56:31;96;1;13920;0;6952;96771840
823;23/03/2016 18:00:40;1212;9;17103;340;8650;147940950
824;23/03/2016 18:02:58;1212;9;17322;340;8650;149835300
825;23/03/2016 18:04:18;1212;9;16970;340;8650;146790500
826;28/03/2016 15:17:19;1212;9;17737;0;8650;153425050
827;28/03/2016 16:13:00;96;1;7374;0;6752;49789248
828;28/03/2016 16:13:52;96;1;12626;0;6752;85250752
829;28/03/2016 16:15:03;96;1;1974;0;6752;13328448
830;28/03/2016 16:16:39;96;1;14850;0;6752;100267200
831;28/03/2016 16:18:09;96;1;10000;0;6752;67520000
832;28/03/2016 16:33:55;96;1;3176;0;6752;21444352
833;30/03/2016 10:23:31;1212;9;21551;430;8650;186416150
834;30/03/2016 11:15:55;592;9;3978;0;8600;34210800
835;31/03/2016 10:20:16;77;9;41208;730;8500;350268000
836;31/03/2016 11:03:20;1212;9;14678;278;8650;126964700
837;01/04/2016 11:33:05;1212;9;13859;275;8650;119880350
838;01/04/2016 11:33:58;1212;9;16083;313;8650;139117950
839;01/04/2016 12:12:14;1212;9;13897;274;8650;120209050
840;04/04/2016 11:23:05;77;9;7498;150;8400;62983200
841;04/04/2016 11:25:41;77;9;17391;351;8400;146084400
842;04/04/2016 11:27:32;77;9;14289;280;8400;120027600
843;04/04/2016 11:29:32;77;9;17236;349;8400;144782400
844;04/04/2016 08:07:18;1212;9;15111;300;8450;127687950
845;04/04/2016 08:08:50;1212;9;14848;300;8450;125465600
846;05/04/2016 09:09:52;1212;9;15877;324;8450;134160650
847;06/04/2016 16:47:40;96;1;2154;0;6592;14199168
848;06/04/2016 16:49:48;96;1;15360;0;6592;101253120
849;06/04/2016 16:50:05;96;1;15172;0;6592;100013824
850;06/04/2016 16:50:45;96;1;10000;0;6592;65920000
851;06/04/2016 16:52:30;96;1;3574;0;6592;23559808
852;06/04/2016 16:55:10;96;1;3740;0;6400;23936000
853;11/04/2016 10:47:44;1212;9;17208;337;8650;148849200
854;11/04/2016 10:49:46;1212;9;16002;320;8650;138417300
855;12/04/2016 07:42:31;107;9;34371;680;8260;283904460
856;12/04/2016 07:48:40;107;9;34232;680;8260;282756320
857;12/04/2016 07:53:18;107;9;8136;160;8260;67203360
858;12/04/2016 07:55:21;107;9;11825;228;8260;97674500
859;12/04/2016 11:06:58;1212;9;16626;330;8650;143814900
860;15/04/2016 14:51:03;96;1;11446;0;6472;74078512
861;15/04/2016 14:51:36;96;1;7953;0;6472;51471816
862;15/04/2016 14:52:03;96;1;8090;0;6472;52358480
863;15/04/2016 14:53:08;96;1;2511;0;6472;16251192
864;15/04/2016 11:00:28;107;9;17448;350;7950;138711600
865;18/04/2016 16:37:58;96;1;3880;0;6592;25576960
866;18/04/2016 16:38:14;96;1;11119;0;6592;73296448
867;18/04/2016 16:38:29;96;1;15206;0;6592;100237952
868;18/04/2016 16:38:54;96;1;15915;0;6592;104911680
869;18/04/2016 16:39:23;96;1;54;0;6592;355968
870;18/04/2016 16:39:52;96;1;3826;0;6592;25220992
871;20/04/2016 08:35:02;592;9;31151;0;8000;249208000
872;20/04/2016 08:35:20;592;9;17247;0;8000;137976000
873;20/04/2016 09:54:37;592;1;6186;0;6276;38823336
874;22/04/2016 10:01:32;592;9;17247;0;8000;137976000
875;22/04/2016 10:02:01;592;9;17277;0;8000;138216000
876;23/04/2016 10:51:50;592;9;17247;0;8000;137976000
877;23/04/2016 11:40:32;107;9;19740;400;8000;157920000
878;23/04/2016 11:42:06;107;9;16704;340;8000;133632000
879;23/04/2016 11:42:47;107;9;2427;48;7900;19173300
880;25/04/2016 17:39:06;592;9;17267;0;8000;138136000
881;25/04/2016 17:39:32;592;9;17287;0;8000;138296000
882;26/04/2016 13:35:05;592;9;15277;0;8000;122216000
883;26/04/2016 13:35:51;592;9;1990;0;8100;16119000
884;26/04/2016 13:36:43;592;9;17267;0;8100;139862700
885;29/04/2016 09:54:47;592;9;17277;0;8100;139943700
886;02/05/2016 12:49:22;77;9;5259;105;8250;43386750
887;02/05/2016 12:49:54;77;9;17005;330;8250;140291250
889;02/05/2016 15:04:27;3718;11;4012;0;4400;17652800
890;03/05/2016 15:10:14;3718;7;2016;0;5200;10483200
891;03/05/2016 15:10:36;3718;8;500;0;3000;1500000
892;05/05/2016 09:10:16;107;9;10849;218;8450;91674050
893;05/05/2016 09:13:15;107;9;9791;195;8450;82733950
894;05/05/2016 09:19:43;107;9;10009;200;8450;84576050
895;05/05/2016 09:21:32;107;9;17215;350;8450;145466750
896;05/05/2016 09:25:28;107;9;16577;334;8450;140075650
897;05/05/2016 16:49:34;96;1;12259;0;6152;75417368
898;05/05/2016 16:50:29;96;1;15190;0;6152;93448880
899;05/05/2016 16:51:31;96;1;14410;0;6152;88650320
900;05/05/2016 16:52:05;96;1;8141;0;6152;50083432
901;10/05/2016 11:26:03;107;9;9985;200;8500;84872500
902;10/05/2016 11:26:22;107;9;10050;200;8500;85425000
903;11/05/2016 11:30:26;77;9;17197;267;8460;145486620
904;11/05/2016 11:31:51;77;9;17329;341;8460;146603340
905;11/05/2016 11:35:24;77;9;15605;260;8460;132018300
906;11/05/2016 11:36:33;77;9;17874;295;8460;151214040
907;11/05/2016 11:45:43;77;9;16784;315;8460;141992640
908;11/05/2016 12:00:25;77;9;17836;276;8460;150892560
909;11/05/2016 12:09:11;77;9;17423;332;8460;147398580
910;12/05/2016 14:29:49;1569;9;56;0;8000;448000
911;12/05/2016 18:40:07;96;1;6439;0;6472;41673208
912;12/05/2016 18:40:25;96;1;14880;0;6472;96303360
913;12/05/2016 18:40:49;96;1;14058;0;6472;90983376
914;12/05/2016 18:41:11;96;1;14623;0;6472;94640056
915;16/05/2016 10:12:56;77;9;16681;180;8460;141121260
916;16/05/2016 17:37:13;96;1;286;0;6512;1862432
917;16/05/2016 17:39:00;96;1;7642;0;6512;49764704
918;16/05/2016 17:39:15;96;1;6950;0;6512;45258400
919;16/05/2016 17:39:33;96;1;13454;0;6512;87612448
920;16/05/2016 17:39:55;96;1;10593;0;6512;68981616
921;16/05/2016 17:40:22;96;1;3880;0;6512;25266560
922;16/05/2016 17:40:43;96;1;7195;0;6512;46853840
923;16/05/2016 17:46:20;96;1;14670;0;6792;99638640
924;16/05/2016 17:46:38;96;1;14760;0;6792;100249920
925;16/05/2016 17:47:14;96;1;4159;0;6792;28247928
926;16/05/2016 17:47:29;96;1;16075;0;6792;109181400
927;16/05/2016 17:48:07;96;1;336;0;6792;2282112
928;18/05/2016 17:09:38;1212;9;14646;295;8500;124491000
929;18/05/2016 17:22:27;1212;9;13833;276;8500;117580500
930;18/05/2016 17:22:55;1212;9;7262;143;8500;61727000
931;18/05/2016 17:25:25;1212;9;10430;209;8500;88655000
932;18/05/2016 17:26:00;1212;9;14305;285;8500;121592500
933;18/05/2016 18:28:16;77;9;12027;245;8460;101748420
934;18/05/2016 18:31:22;77;9;16724,5;277;8460;141489270
935;18/05/2016 18:31:44;77;9;941;17;8460;7960860
936;18/05/2016 18:33:05;77;9;16820;334;8460;142297200
937;18/05/2016 18:33:36;77;9;17194;343;8460;145461240
938;18/05/2016 18:34:27;77;9;10960;220;8460;92721600
939;18/05/2016 18:35:48;77;9;9354;220;8460;79134840
940;18/05/2016 07:59:38;77;9;640;0;8460;5414400
941;19/05/2016 09:36:25;1212;9;14263;288;8500;121235500
942;19/05/2016 16:58:08;1212;9;15710;315;8500;133535000
943;19/05/2016 14:44:48;96;1;13894;0;6688;92923072
944;19/05/2016 14:45:03;96;1;14880;0;6688;99517440
945;19/05/2016 14:46:03;96;1;15560;0;6688;104065280
946;19/05/2016 14:47:41;96;1;5666;0;6688;37894208
947;20/05/2016 14:53:18;592;9;13466;0;8100;109074600
948;20/05/2016 14:53:53;592;9;3811;0;8400;32012400
949;20/05/2016 14:55:48;592;9;17307;0;8400;145378800
950;21/05/2016 15:13:43;592;9;17277;0;8400;145126800
951;23/05/2016 16:21:31;592;9;17267;0;8400;145042800
952;23/05/2016 16:30:04;592;9;17257;0;8400;144958800
953;24/05/2016 18:52:34;592;9;17257;0;8400;144958800
954;24/05/2016 17:43:51;96;1;9134;0;6592;60211328
955;24/05/2016 17:44:04;96;1;14820;0;6592;97693440
956;24/05/2016 17:44:50;96;1;14520;0;6592;95715840
957;24/05/2016 17:46:15;96;1;11520;0;6592;75939840
958;24/05/2016 17:46:48;96;1;6;0;6592;39552
959;26/05/2016 12:22:53;592;1;17297;0;8400;145294800
960;26/05/2016 12:23:11;592;1;17297;0;8400;145294800
961;26/05/2016 12:25:02;592;1;17257;0;8400;144958800
962;27/05/2016 10:14:09;592;9;17287;0;8400;145210800
963;27/05/2016 10:14:21;592;9;17297;0;8400;145294800
964;28/05/2016 12:06:18;592;9;17267;0;8400;145042800
965;01/06/2016 17:57:17;96;1;14900;0;6552;97624800
966;01/06/2016 17:59:01;96;1;14230;0;6400;91072000
967;01/06/2016 17:59:16;96;1;2715;0;6400;17376000
968;01/06/2016 18:00:28;96;1;3484;0;6552;22827168
969;01/06/2016 18:00:53;96;1;14671;0;6400;93894400
970;03/06/2016 17:46:24;592;9;17197;0;8400;144454800
971;03/06/2016 17:48:01;592;9;6122;0;8400;51424800
972;03/06/2016 17:48:44;592;9;11145;0;8400;93618000
973;03/06/2016 17:50:33;592;9;17237;0;8400;144790800
974;03/06/2016 17:50:50;592;9;17227;0;8400;144706800
975;03/06/2016 14:59:08;96;1;14840;0;6280;93195200
976;03/06/2016 14:59:22;96;1;11319;0;6280;71083320
977;03/06/2016 15:01:24;96;1;3841;0;6280;24121480
978;03/06/2016 15:03:47;96;1;9722;0;6440;62609680
979;03/06/2016 15:04:12;96;1;14073;0;6440;90630120
980;03/06/2016 15:05:13;96;1;14190;0;6440;91383600
981;03/06/2016 15:05:57;96;1;12015;0;6440;77376600
982;07/06/2016 07:12:24;592;9;17267;0;8400;145042800
983;07/06/2016 07:14:36;592;9;17307;0;8400;145378800
984;08/06/2016 09:54:16;107;9;9750;196;8500;82875000
985;08/06/2016 09:54:40;107;9;9660;198;8500;82110000
986;08/06/2016 09:55:17;107;9;7017;140;8500;59644500
987;09/06/2016 14:19:15;96;1;9650;0;6840;66006000
988;09/06/2016 14:19:29;96;1;5090;0;6840;34815600
989;09/06/2016 14:20:09;96;1;15060;0;6840;103010400
990;09/06/2016 14:22:00;96;1;11729;0;6880;80695520
991;09/06/2016 14:22:13;96;1;8471;0;6880;58280480
992;11/06/2016 14:28:28;592;9;17462;0;8400;146680800
993;11/06/2016 14:29:00;592;9;17417;0;8400;146302800
994;11/06/2016 14:29:45;592;9;17417;0;8400;146302800
995;11/06/2016 17:21:14;1212;9;9283;186;8400;77977200
996;13/06/2016 17:33:20;592;9;17437;0;8400;146470800
997;13/06/2016 17:34:04;592;9;17387;0;8400;146050800
998;13/06/2016 17:53:41;1212;9;14773;295;8400;124093200
999;13/06/2016 18:04:29;1212;9;6277;128;8500;53354500
1000;15/06/2016 07:58:48;592;9;15500;0;8400;130200000
1001;15/06/2016 08:01:19;592;9;2167;0;8500;18419500
1002;15/06/2016 08:02:06;592;9;17207;0;8500;146259500
1003;15/06/2016 08:02:31;592;9;17138;0;8500;145673000
1004;15/06/2016 19:03:42;96;1;2342;0;6760;15831920
1005;15/06/2016 19:03:59;96;1;14465;0;6760;97783400
1006;15/06/2016 19:05:26;96;1;14450;0;6760;97682000
1007;15/06/2016 19:06:04;96;1;14100;0;6760;95316000
1008;15/06/2016 19:06:39;96;1;4643;0;6760;31386680
1009;16/06/2016 13:14:56;592;9;17247;0;8500;146599500
1010;16/06/2016 13:15:24;592;9;17237;0;8500;146514500
1011;16/06/2016 11:54:02;46;9;9897;200;8468;83807796
1012;16/06/2016 11:54:18;46;9;10070;200;8468;85272760
1013;16/06/2016 17:53:21;107;9;11773;240;8400;98893200
1014;16/06/2016 17:56:03;107;9;12912;260;8400;108460800
1015;16/06/2016 17:56:43;107;9;6985;140;8400;58674000
1016;16/06/2016 17:57:55;107;9;17806;360;8500;151351000
1017;16/06/2016 17:59:54;107;9;9766;200;8400;82034400
1018;16/06/2016 18:00:28;107;9;9645;197;8400;81018000
1019;16/06/2016 18:01:32;107;9;9923;200;8400;83353200
1020;16/06/2016 18:03:12;107;9;17580;364;8500;149430000
1021;16/06/2016 18:04:54;107;9;9810;198;8500;83385000
1022;16/06/2016 18:06:26;107;9;7015;140;8500;59627500
1023;18/06/2016 07:10:55;592;9;17217;0;8500;146344500
1024;18/06/2016 07:11:20;592;9;17227;0;8500;146429500
1025;18/06/2016 07:11:50;592;9;17227;0;8500;146429500
1026;18/06/2016 07:55:18;3718;7;7016;0;3900;27362400
1027;20/06/2016 14:12:26;1212;9;16875;348;8400;141750000
1028;20/06/2016 14:13:46;1212;9;16889;338;8400;141867600
1029;21/06/2016 13:31:19;592;9;17197;0;8500;146174500
1030;21/06/2016 13:31:49;592;9;17237;0;8500;146514500
1031;21/06/2016 13:32:45;592;9;17257;0;8500;146684500
1032;22/06/2016 17:18:12;592;9;17237;0;8500;146514500
1033;22/06/2016 17:43:00;96;1;5142;0;6440;33114480
1034;22/06/2016 17:43:20;96;1;13120;0;6440;84492800
1035;22/06/2016 17:44:21;96;1;14127;0;6440;90977880
1036;22/06/2016 17:46:02;96;1;14602;0;6416;93686432
1037;22/06/2016 17:47:11;96;1;8623;0;6376;54980248
1038;22/06/2016 17:49:37;96;1;10427;0;6440;67149880
1039;22/06/2016 17:49:51;96;1;7184;0;6440;46264960
1040;22/06/2016 17:52:09;96;1;6785;0;6720;45595200
1041;22/06/2016 17:52:33;96;1;14280;0;6720;95961600
1042;22/06/2016 17:53:07;96;1;14250;0;6720;95760000
1043;22/06/2016 17:54:22;96;1;13240;0;6720;88972800
1044;22/06/2016 17:57:03;96;1;1445;0;6720;9710400
1045;22/06/2016 17:57:57;96;1;12515;0;6416;80296240
1046;22/06/2016 17:58:17;96;1;14260;0;6416;91492160
1047;23/06/2016 10:12:02;1212;9;10439;212;8400;87687600
1048;25/06/2016 12:07:22;592;9;17217;0;8500;146344500
1049;25/06/2016 12:07:53;592;9;17207;0;8500;146259500
1050;25/06/2016 15:53:14;77;9;18254;380;8300;151508200
1051;27/06/2016 09:31:42;1212;9;16090;322;8400;135156000
1052;27/06/2016 09:32:06;1212;9;14044;280;8400;117969600
1053;27/06/2016 11:28:53;77;9;16025;0;8300;133007500
1054;27/06/2016 11:37:18;77;9;16436;0;8300;136418800
1055;28/06/2016 17:31:32;77;9;16522;0;8250;136306500
1056;28/06/2016 17:33:24;77;9;16717;0;8250;137915250
1057;29/06/2016 17:57:57;96;1;4567;0;6680;30507560
1058;29/06/2016 17:58:14;96;1;12904;0;6680;86198720
1059;29/06/2016 18:09:28;96;1;14680;0;6992;102642560
1060;29/06/2016 18:09:46;96;1;14200;0;6992;99286400
1061;29/06/2016 18:10:25;96;1;13256;0;6992;92685952
1062;29/06/2016 18:11:18;96;1;4898;0;6680;32718640
1063;29/06/2016 18:12:05;96;1;9062;0;6720;60896640
1064;29/06/2016 18:12:40;96;1;13671;0;6680;91322280
1065;29/06/2016 18:13:11;96;1;13960;0;6680;93252800
1066;29/06/2016 18:13:48;96;1;1080;0;6720;7257600
1067;29/06/2016 18:14:08;96;1;14371;0;6720;96573120
1068;29/06/2016 18:14:28;96;1;669;0;6720;4495680
1069;29/06/2016 18:14:59;96;1;12591;0;6720;84611520
1070;29/06/2016 18:15:15;96;1;1170;0;6720;7862400
1071;29/06/2016 18:15:37;96;1;11057;0;6720;74303040
1072;29/06/2016 18:16:36;96;1;2674;0;6840;18290160
1073;29/06/2016 07:36:10;96;1;5190;0;6992;36288480
1074;01/07/2016 07:47:28;77;9;16495;0;8250;136083750
1075;01/07/2016 07:49:37;77;9;18113;0;8250;149432250
1076;01/07/2016 13:33:54;592;9;17207;0;8500;146259500
1077;05/07/2016 17:04:46;77;9;25160;501;8200;206312000
1078;05/07/2016 17:12:59;77;9;17959;0;8250;148161750
1079;06/07/2016 11:04:01;77;9;7035,27;0;8250;58040978
1080;06/07/2016 11:28:18;77;9;1433,7;0;8250;11828025
1081;06/07/2016 11:38:41;77;9;17918,2;0;8250;147825150
1082;07/07/2016 09:29:21;592;9;17277;0;8500;146854500
1083;07/07/2016 09:29:47;592;9;17267;0;8500;146769500
1084;07/07/2016 07:34:16;592;9;17257;0;8500;146684500
1087;09/07/2016 13:53:39;592;9;17277;0;8400;145126800
1088;09/07/2016 13:53:52;592;9;17247;0;8400;144874800
1089;09/07/2016 09:20:28;592;9;4973;0;8500;42270500
1090;09/07/2016 09:20:55;592;9;12304;0;8400;103353600
1091;11/07/2016 08:51:29;96;1;14073;0;7072;99524256
1092;11/07/2016 08:53:17;96;1;8060;0;7072;57000320
1093;11/07/2016 08:55:01;96;1;13960;0;7072;98725120
1094;11/07/2016 08:57:42;96;1;14079;0;7152;100693008
1095;11/07/2016 08:58:52;96;1;13771;0;7072;97388512
1096;11/07/2016 08:59:52;96;1;136;0;7072;961792
1097;11/07/2016 09:00:29;96;1;13986;0;7152;100027872
1098;11/07/2016 09:04:37;96;1;13298;0;7152;95107296
1099;11/07/2016 13:51:55;3718;8;4930;0;5300;26129000
1100;13/07/2016 08:39:33;592;9;17297;0;8400;145294800
1101;13/07/2016 08:39:44;592;9;17257;0;8400;144958800
1102;14/07/2016 15:38:06;592;9;17267;0;8400;145042800
1103;25/07/2016 09:47:53;77;9;18020;358;8080;145601600
1104;25/07/2016 09:48:23;77;9;17878;360;8080;144454240
1105;25/07/2016 09:48:58;77;9;13985;280;8080;112998800
1106;25/07/2016 09:49:47;77;9;33963;710;8030;272722890
1107;26/07/2016 11:16:44;77;9;5939;118;8030;47690170
1108;26/07/2016 11:18:18;77;9;11154;224;8030;89566620
1109;26/07/2016 14:40:27;77;9;32909;690;8080;265904720
1110;28/07/2016 15:10:05;96;1;2755;0;7232;19924160
1111;28/07/2016 15:10:51;96;1;7625;0;7040;53680000
1112;28/07/2016 15:11:19;96;1;14620;0;7080;103509600
1113;03/08/2016 10:38:15;1445;7;16066;0;4600;73903600
1114;03/08/2016 10:38:39;1445;7;2628;0;7500;19710000
1115;03/08/2016 10:39:30;1445;4;10548;0;4500;47466000
1116;03/08/2016 17:23:08;1445;7;33902;690;5600;189851200
1117;03/08/2016 17:26:58;1445;7;15428;310;5600;86396800
1118;03/08/2016 17:28:29;1445;7;5966;120;5600;33409600
1119;03/08/2016 17:29:27;1445;7;15010;300;5800;87058000
1120;03/08/2016 17:32:44;1445;7;6773;136;5800;39283400
1122;03/08/2016 17:34:57;1445;4;13085;128;4400;57574000
1123;03/08/2016 17:35:37;1445;4;12918;124;4400;56839200
1124;03/08/2016 17:54:13;1445;7;8167;164;5600;45735200
1125;03/08/2016 18:56:24;96;1;6675;0;7160;47793000
1126;03/08/2016 18:57:34;96;1;13758;0;7352;101148816
1127;03/08/2016 18:58:35;96;1;4567;0;7352;33576584
1128;17/08/2016 16:29:05;592;9;17227;0;8200;141261400
1129;17/08/2016 16:31:10;592;9;17277;0;8200;141671400
1130;18/08/2016 16:35:30;592;9;17267;0;8200;141589400
1131;30/08/2016 11:36:27;592;9;1351;0;8400;11348400
1132;30/08/2016 15:25:48;592;9;17277;0;8200;141671400
1133;31/08/2016 09:58:24;592;9;17287;0;8200;141753400
1134;01/09/2016 12:13:45;592;9;15016;0;8200;123131200
1135;01/09/2016 07:52:49;96;1;2896;0;6880;19924480
1136;01/09/2016 07:53:10;96;1;14870;0;7072;105160640
1137;01/09/2016 07:53:59;96;1;6422;0;6920;44440240
1138;01/09/2016 07:54:24;96;1;7762;0;6920;53713040
1139;01/09/2016 07:57:55;96;1;14342;0;6920;99246640
1140;01/09/2016 08:14:23;96;1;3708;0;6880;25511040
1141;01/09/2016 10:31:55;96;1;3522;0;6800;23949600
1142;01/09/2016 10:41:33;96;1;246;0;6992;1720032
1143;01/09/2016 10:43:12;96;1;14386;0;6840;98400240
1144;01/09/2016 10:43:35;96;1;6846;0;6840;46826640
1145;01/09/2016 11:39:42;96;1;13801;0;7392;102016992
1146;01/09/2016 11:40:08;96;1;11199;0;7392;82783008
1147;02/09/2016 15:24:09;96;1;14640;0;7352;107633280
1148;02/09/2016 15:25:19;96;1;11000;0;7312;80432000
1149;02/09/2016 15:25:57;96;1;1978;0;7352;14542256
1150;02/09/2016 15:26:20;96;1;8382;0;7352;61624464
1151;02/09/2016 15:27:13;96;1;6118;0;7312;44734816
1152;02/09/2016 09:01:00;3718;8;4990;0;5100;25449000
1153;07/09/2016 16:33:05;708;1;8662;0;5000;43310000
1154;07/09/2016 16:36:52;708;8;25751;0;4000;103004000
1155;07/09/2016 16:37:53;708;1;18846;0;6700;126268200
1156;07/09/2016 16:38:41;708;7;10242;0;5900;60427800
1157;07/09/2016 16:39:31;708;7;8676;0;8000;69408000
1158;07/09/2016 16:40:01;708;8;1056;0;5000;5280000
1159;09/09/2016 14:20:41;1212;9;10152;200;8200;83246400
1160;09/09/2016 14:23:22;1212;9;7038;140;8200;57711600
1161;09/09/2016 14:38:02;1212;9;6952;140;8200;57006400
1162;09/09/2016 14:52:02;1212;9;12887;260;8200;105673400
1163;09/09/2016 14:55:35;1212;9;10045;200;8200;82369000
1164;12/09/2016 07:56:14;96;1;14190;0;7312;103757280
1165;12/09/2016 07:56:30;96;1;14340;0;7312;104854080
1166;13/09/2016 11:59:05;96;1;14280;0;7312;104415360
1167;13/09/2016 11:59:24;96;1;14686;0;7312;107384032
1168;13/09/2016 12:00:01;96;1;14880;0;7312;108802560
1169;13/09/2016 12:00:35;96;1;10506;0;7312;76819872
1170;15/09/2016 08:27:47;805;9;16449;324;8150;134059350
1171;15/09/2016 08:28:10;805;9;3975;78;8200;32595000
1172;16/09/2016 07:21:33;805;9;8077;161;8180;66069860
1173;16/09/2016 09:52:56;805;9;9264;180;8180;75779520
1174;16/09/2016 09:53:24;805;9;8976;177;8180;73423680
1175;20/09/2016 19:41:36;96;1;10825;0;7168;77593600
1176;20/09/2016 19:43:30;96;1;14050;0;7208;101272400
1177;20/09/2016 19:43:55;96;1;14970;0;7208;107903760
1178;20/09/2016 19:44:20;96;1;10155;0;7208;73197240
1179;22/09/2016 18:46:09;96;1;14580;0;7400;107892000
1180;22/09/2016 18:46:43;96;1;3785;0;7360;27857600
1181;22/09/2016 18:48:43;96;1;14370;0;7360;105763200
1182;22/09/2016 18:49:10;96;1;6845;0;7320;50105400
1183;22/09/2016 18:49:39;96;1;8375;0;7400;61975000
1184;22/09/2016 18:50:10;96;1;2045;0;7400;15133000
1185;23/09/2016 15:22:54;805;9;9144;180;8320;76078080
1186;23/09/2016 15:24:45;805;9;6242,5;125;8320;51937600
1187;23/09/2016 15:42:01;805;9;9579;187;8320;79697280
1188;23/09/2016 15:42:29;805;9;14619;290;8320;121630080
1189;23/09/2016 07:54:37;5869;1;10656;0;6984;74421504
1190;23/09/2016 07:55:15;5869;1;18000;586;6906;124315200
1191;23/09/2016 08:10:11;708;1;2500;15;7200;18000000
1192;23/09/2016 08:10:53;708;7;20000;0;5000;100000000
1193;23/09/2016 08:12:13;708;14;13614;0;3000;40842000
1194;23/09/2016 08:14:16;708;7;25454;0;5600;142542400
1195;23/09/2016 08:14:43;708;8;2904;0;4500;13068000
1196;23/09/2016 08:17:45;708;14;476;0;3000;1428000
1197;27/09/2016 14:49:04;592;1;12005;0;7128;85571640
1198;28/09/2016 16:11:28;805;9;9204;180;8320;76577280
1199;28/09/2016 19:41:11;96;1;12485;0;7280;90890800
1200;28/09/2016 19:41:35;96;1;12515;0;7280;91109200
1201;29/09/2016 14:43:26;96;1;14500;0;7264;105328000
1202;29/09/2016 14:44:38;96;1;10500;0;7264;76272000
1203;29/09/2016 16:21:10;805;9;1211;0;8320;10075520
1204;29/09/2016 16:22:37;805;9;5550;131;8370;46453500
1205;29/09/2016 16:24:18;805;9;8081;160;8370;67637970
1206;29/09/2016 16:25:41;805;9;8401;160;8370;70316370
1207;01/10/2016 16:39:28;805;9;3;0;8370;25110
1208;01/10/2016 07:17:40;805;9;8918;180;8370;74643660
1209;03/10/2016 15:03:39;805;9;9107,5;180;8370;76229775
1210;05/10/2016 07:20:28;805;9;23860;0;8400;200424000
1211;06/10/2016 15:57:55;805;9;24402;479;8400;204976800
1212;10/10/2016 19:03:43;96;1;14290;0;7160;102316400
1213;10/10/2016 19:03:58;96;1;12290;0;7160;87996400
1214;10/10/2016 19:04:59;96;1;10224;0;7160;73203840
1215;10/10/2016 16:43:11;96;1;3874;0;7320;28357680
1216;10/10/2016 16:43:38;96;1;14470;0;7280;105341600
1217;10/10/2016 16:44:19;96;1;14950;0;7200;107640000
1218;10/10/2016 16:44:50;96;1;11176;0;7200;80467200
1219;10/10/2016 16:45:55;96;1;3094;0;7160;22153040
1220;10/10/2016 16:46:32;96;1;14530;0;7160;104034800
1221;10/10/2016 16:46:57;96;1;14610;0;7160;104607600
1222;10/10/2016 16:47:40;96;1;14407;0;7160;103154120
1223;10/10/2016 16:48:26;96;1;2085;0;7160;14928600
1224;11/10/2016 09:48:46;805;9;19767;373;8400;166042800
1225;13/10/2016 17:25:17;96;9;10860;0;7264;78887040
1226;13/10/2016 17:25:52;96;1;860;0;7304;6281440
1227;13/10/2016 17:26:15;96;1;2339;0;7304;17084056
1228;13/10/2016 17:27:46;96;1;14368;0;7304;104943872
1229;13/10/2016 17:28:34;96;1;6823;0;7304;49835192
1230;15/10/2016 17:30:06;96;1;14750;0;7304;107734000
1231;15/10/2016 17:32:40;805;9;23758;483;8400;199567200
1232;18/10/2016 09:54:54;805;9;24539;492;8400;206127600
1233;20/10/2016 18:22:27;3973;9;24304;482;8400;204153600
1234;20/10/2016 18:22:50;3973;9;9447;188;8400;79354800
1235;21/10/2016 18:30:12;96;1;14470;0;7560;109393200
1236;21/10/2016 18:30:30;96;1;19410;0;7560;146739600
1237;21/10/2016 18:30:59;96;1;2030;0;7560;15346800
1238;21/10/2016 18:31:26;96;1;16600;0;7544;125230400
1239;21/10/2016 18:31:42;96;1;14960;0;7544;112858240
1240;21/10/2016 18:32:12;96;1;14090;0;7440;104829600
1241;21/10/2016 13:38:21;77;9;23748;400;8300;197108400
1242;21/10/2016 13:39:06;77;9;16289;330;8250;134384250
1243;21/10/2016 13:40:23;77;9;25974;416;8200;212986800
1244;24/10/2016 17:53:26;96;1;1159;0;7424;8604416
1245;24/10/2016 17:53:53;96;1;6538;0;7320;47858160
1246;24/10/2016 17:54:26;96;1;15000;0;7320;109800000
1247;24/10/2016 17:55:04;96;1;19171;0;7416;142172136
1248;24/10/2016 17:55:20;96;1;15010;0;7416;111314160
1249;24/10/2016 17:56:11;96;1;14440;0;7416;107087040
1250;24/10/2016 17:56:23;96;1;1379;0;7416;10226664
1251;24/10/2016 17:57:24;96;1;17281;0;7424;128294144
1252;24/10/2016 17:57:58;96;1;14260;0;7320;104383200
1253;24/10/2016 17:58:25;96;1;14202;0;7320;103958640
1254;25/10/2016 18:00:58;592;1;15293;0;7970;121885210
1255;25/10/2016 18:01:40;592;1;13982;0;7970;111436540
1256;26/10/2016 09:52:12;805;9;24287;481;8100;196724700
1257;27/10/2016 16:37:08;805;9;23897;476;8100;193565700
1258;27/10/2016 08:18:52;96;1;13880;0;7840;108819200
1259;27/10/2016 08:23:28;96;1;3470;0;7880;27343600
1260;27/10/2016 08:24:09;96;1;14606;0;7760;113342560
1261;27/10/2016 08:24:27;96;1;14158;0;7760;109866080
1262;27/10/2016 08:25:18;96;1;14470;0;7880;114023600
1263;27/10/2016 08:25:38;96;1;14710;0;7880;115914800
1264;27/10/2016 08:25:59;96;1;14790;0;7880;116545200
1265;27/10/2016 08:26:13;96;1;19260;0;7880;151768800
1266;27/10/2016 08:26:26;96;1;19420;0;7880;153029600
1267;28/10/2016 07:58:05;3973;9;24207;483;8100;196076700
1268;28/10/2016 07:58:22;3973;9;24072;485;8100;194983200
1269;28/10/2016 07:59:47;3973;9;5449;105;8120;44245880
1270;28/10/2016 08:33:38;1445;1;33277;0;7800;259560600
1271;01/11/2016 07:38:13;96;1;14540;0;7640;111085600
1272;01/11/2016 07:38:32;96;1;6696;0;7640;51157440
1273;01/11/2016 07:39:04;96;1;12674;0;7960;100885040
1274;01/11/2016 07:40:24;96;1;14680;0;7960;116852800
1275;01/11/2016 07:40:38;96;1;19440;0;7960;154742400
1276;01/11/2016 07:41:56;96;1;3206;0;7960;25519760
1277;01/11/2016 17:32:57;96;1;15934;0;7960;126834640
1278;01/11/2016 17:34:05;96;1;14630;0;7960;116454800
1279;01/11/2016 17:34:24;96;1;14570;0;7960;115977200
1280;01/11/2016 17:35:10;96;1;6250;0;7960;49750000
1281;01/11/2016 17:35:27;96;1;14030;0;7960;111678800
1282;01/11/2016 17:35:42;96;1;14750;0;7960;117410000
1283;01/11/2016 17:35:57;96;1;14470;0;7960;115181200
1284;01/11/2016 17:36:49;96;1;19253;0;7960;153253880
1285;01/11/2016 17:37:03;96;1;14900;0;7960;118604000
1286;01/11/2016 17:37:19;96;1;19080;0;7960;151876800
1287;01/11/2016 17:37:32;96;1;11593;0;7960;92280280
1288;01/11/2016 17:38:17;96;1;11390;0;7960;90664400
1289;01/11/2016 17:38:32;96;1;14270;0;7960;113589200
1290;01/11/2016 17:38:45;96;1;14880;0;7960;118444800
1291;03/11/2016 08:57:56;77;9;31368;577;8120;254708160
1292;03/11/2016 09:01:15;77;9;31049;686;8120;252117900
1293;03/11/2016 09:02:56;77;9;23195;280;8120;188343400
1294;04/11/2016 11:09:17;1445;1;27883;0;8230;229477090
1295;04/11/2016 15:23:16;592;1;19800;0;8055;159489000
1296;04/11/2016 15:23:31;592;1;19640;0;8055;158200200
1297;04/11/2016 15:24:12;592;1;10560;0;8055;85060800
1298;04/11/2016 15:26:14;592;1;3798;0;8095;30744810
1299;04/11/2016 15:31:45;592;1;19772;0;8095;160054340
1300;04/11/2016 15:33:12;592;1;19985;0;8095;161778575
1301;04/11/2016 16:55:40;96;1;15140;0;8360;126570400
1302;04/11/2016 16:56:05;96;1;14340;0;8360;119882400
1303;04/11/2016 17:16:53;96;1;18030;0;8360;150730800
1304;04/11/2016 09:28:18;96;1;19500;0;8136;158652000
1305;04/11/2016 09:28:44;96;1;13902;0;8016;111438432
1306;04/11/2016 09:29:18;96;1;14930;0;8016;119678880
1307;04/11/2016 09:29:31;96;1;33;0;8016;264528
1308;04/11/2016 09:30:09;96;1;1635;0;8016;13106160
1309;08/11/2016 06:50:59;96;1;19650;0;8184;160815600
1310;08/11/2016 06:52:21;96;1;5350;0;8184;43784400
1311;08/11/2016 06:53:56;96;1;2490;0;8360;20816400
1312;08/11/2016 07:45:14;592;1;6445;0;8095;52172275
1313;09/11/2016 07:49:05;592;1;9170;0;8543;78339310
1314;10/11/2016 06:52:53;77;9;7279;132;8120;59105480
1315;10/11/2016 07:04:40;77;9;22284;361;8120;180946100
1316;10/11/2016 07:05:15;77;9;2060;40;8120;16727200
1317;10/11/2016 07:06:01;77;9;8000;158;8120;64960000
1318;10/11/2016 07:07:03;77;9;7510;142;8000;60080000
1319;10/11/2016 07:07:33;77;9;4854;53;8000;38832000
1320;10/11/2016 07:47:37;77;9;8090;160;8000;64720000
1321;10/11/2016 07:48:49;77;9;18754;313;8000;150032000
1322;10/11/2016 07:51:41;77;9;10170;200;8000;81360000
1323;10/11/2016 08:03:26;77;9;11046;220;8000;88368000
1324;10/11/2016 08:04:14;77;9;16820;220;0;0
1325;14/11/2016 08:30:05;2067;8;3782;0;5000;18910000
1326;14/11/2016 08:27:05;96;1;1592;0;8400;13372800
1327;14/11/2016 08:27:58;96;1;13290;0;8360;111104400
1328;14/11/2016 08:28:12;96;1;19880;0;8360;166196800
1329;14/11/2016 08:29:00;96;1;14940;0;8360;124898400
1330;14/11/2016 08:29:18;96;1;1890;0;8360;15800400
1331;14/11/2016 09:27:03;96;1;19240;0;8400;161616000
1332;14/11/2016 09:28:00;96;1;14717;0;8280;121856760
1333;14/11/2016 09:28:29;96;1;14451;0;8280;119654280
1334;17/11/2016 07:20:53;96;1;15090;0;8200;123738000
1335;17/11/2016 07:23:09;96;1;18835;0;8200;154447000
1336;17/11/2016 07:26:17;805;9;7982;160;7200;57470400
1337;17/11/2016 07:26:32;805;9;7889;160;7200;56800800
1338;18/11/2016 17:39:58;592;1;13722;0;8963;122990286
1339;18/11/2016 17:40:18;592;1;15392;0;8963;137958496
1340;18/11/2016 17:44:05;592;1;11716;0;8963;105010508
1341;18/11/2016 17:52:45;592;1;8753;0;8860;77551580
1342;18/11/2016 18:01:20;592;1;19955;0;8860;176801300
1343;18/11/2016 18:02:42;592;1;14022;0;8860;124234920
1344;18/11/2016 18:03:36;592;1;7270;0;8860;64412200
1345;18/11/2016 18:04:47;592;1;8053;0;8877;71486481
1346;18/11/2016 07:40:08;805;9;22189;441;7200;159760800
1347;18/11/2016 07:40:59;805;9;17754;355;7200;127828800
1348;21/11/2016 05:52:38;96;1;6627;0;8320;55136640
1349;21/11/2016 05:53:23;96;1;9137;0;8320;76019840
1350;21/11/2016 05:58:14;96;1;16075;0;8200;131815000
1351;21/11/2016 05:58:55;96;1;3005;0;8320;25001600
1352;21/11/2016 14:51:01;77;9;11040;220;8000;88320000
1353;21/11/2016 15:59:03;77;9;16799;329;8000;134392000
1354;21/11/2016 16:07:47;77;9;18305;364;7950;145524750
1355;21/11/2016 16:09:27;77;9;6208,26;124;7950;49355667
1356;21/11/2016 16:09:56;77;9;24212;483;7950;192485400
1357;21/11/2016 16:27:07;77;9;33901;483;7200;244087200
1358;21/11/2016 16:27:46;77;9;9873;70;7200;71085600
1359;21/11/2016 18:05:37;96;1;3888;0;8320;32348160
1360;21/11/2016 18:05:52;96;1;10649;0;8320;88599680
1361;21/11/2016 18:06:09;96;1;1917;0;8320;15949440
1362;21/11/2016 18:06:49;96;1;14777;0;8200;121171400
1363;22/11/2016 18:29:36;96;1;19500;0;8080;157560000
1364;22/11/2016 18:30:10;96;1;19350;0;8240;159444000
1365;22/11/2016 18:30:47;96;1;19320;0;8120;156878400
1366;22/11/2016 18:30:59;96;1;8630;0;8120;70075600
1367;22/11/2016 18:31:40;96;1;19270;0;8120;156472400
1368;22/11/2016 18:31:53;96;1;13930;0;8120;113111600
1369;23/11/2016 16:51:42;805;9;18232;371;7080;129082560
1370;23/11/2016 17:05:47;805;9;23904;489;7080;169240320
1371;28/11/2016 15:12:06;805;9;15569;313;7080;110228520
1372;28/11/2016 15:13:59;805;9;23214;462;7080;164355120
1373;28/11/2016 15:14:21;805;9;18668;378;7080;132169440
1374;28/11/2016 16:40:12;592;1;1795;0;8877;15934215
1375;28/11/2016 16:40:49;592;1;15317;0;8638;132308246
1376;28/11/2016 16:42:07;592;1;20412;0;8877;181197324
1377;28/11/2016 16:49:16;592;1;15236;0;8557;130374452
1378;28/11/2016 16:51:25;592;1;15512;0;8557;132736184
1379;28/11/2016 16:53:05;592;1;19740;0;8877;175231980
1380;28/11/2016 17:04:41;592;1;15339;0;8879;136194981
1381;28/11/2016 17:15:29;592;1;15251;0;8879;135413629
1382;28/11/2016 17:16:24;592;1;725;0;8280;6003000
1383;28/11/2016 17:17:58;592;1;19197;0;8963;172062711
1384;03/12/2016 08:22:07;805;9;34625;690;7150;247568750
1385;03/12/2016 08:22:35;805;9;33806;680;7150;241712900
1386;05/12/2016 09:23:48;805;9;15625;311;7080;110625000
1387;05/12/2016 09:24:09;805;9;22795;454;7080;161388600
1388;05/12/2016 10:16:29;805;9;12594;253;7080;89165520
1389;05/12/2016 16:23:13;1445;1;13415;325;8600;115369000
1390;05/12/2016 16:23:39;1445;1;13645;325;8600;117347000
1391;05/12/2016 18:39:09;96;1;5750;0;8160;46920000
1392;05/12/2016 18:39:22;96;1;14570;0;8160;118891200
1393;05/12/2016 18:40:02;96;1;18999;0;8160;155031840
1394;05/12/2016 18:40:58;96;1;10681;0;8120;86729720
1395;05/12/2016 18:41:44;96;1;3889;0;7456;28996384
1396;05/12/2016 18:41:58;96;1;14543;0;7456;108432608
1397;05/12/2016 18:43:04;96;1;18614;0;7616;141764224
1398;05/12/2016 18:43:41;96;1;12954;0;7496;97103184
1399;10/12/2016 18:27:30;96;1;17470;0;7040;122988800
1400;10/12/2016 18:28:24;96;1;18830;0;7040;132563200
1401;10/12/2016 18:28:49;96;1;18650;0;7040;131296000
1402;10/12/2016 18:29:07;96;1;17413;0;7040;122587520
1403;10/12/2016 18:29:22;96;1;19160;0;7040;134886400
1404;10/12/2016 18:29:36;96;1;11014;0;7040;77538560
1405;10/12/2016 18:30:07;96;1;1249;0;7400;9242600
1406;10/12/2016 18:30:32;96;1;10;0;7400;74000
1407;10/12/2016 18:30:47;96;1;20;0;7400;148000
1408;10/12/2016 18:31:28;96;1;188;0;7400;1391200
1409;10/12/2016 18:31:39;96;1;20;0;7400;148000
1410;10/12/2016 18:31:52;96;1;24;0;7400;177600
1411;10/12/2016 18:32:06;96;1;283;0;7400;2094200
1412;10/12/2016 18:32:44;96;1;48;0;7400;355200
1413;10/12/2016 18:35:38;96;1;6593;0;7400;48788200
1414;10/12/2016 18:36:41;96;1;3165;0;7280;23041200
1415;10/12/2016 18:37:00;96;1;2301;0;7280;16751280
1416;10/12/2016 18:37:20;96;1;14486;0;7280;105458080
1417;10/12/2016 18:37:33;96;1;10048;0;7280;73149440
1418;10/12/2016 18:38:31;96;1;8592;0;7080;60831360
1419;10/12/2016 18:38:46;96;1;6360;0;7080;45028800
1420;10/12/2016 18:38:58;96;1;19110;0;7080;135298800
1421;10/12/2016 18:39:18;96;1;14610;0;7080;103438800
1422;10/12/2016 18:40:00;96;1;1328;0;7080;9402240
1423;10/12/2016 18:40:16;96;1;13350;0;6920;92382000
1424;10/12/2016 18:40:29;96;1;19312;0;6920;133639040
1425;10/12/2016 18:40:58;96;1;14801;0;7040;104199040
1426;10/12/2016 18:42:06;96;1;11565;0;7400;85581000
1427;12/12/2016 18:46:58;805;9;34446;690;7150;246288900
1428;12/12/2016 18:51:15;805;9;34733;685;6950;241394350
1429;14/12/2016 18:46:56;277;9;13118,58;265;6528;85639386
1430;14/12/2016 18:50:06;277;9;23076,65;453;6528;150646707
1431;14/12/2016 19:16:28;805;9;34461;673;6950;239503950
1432;14/12/2016 19:31:29;96;1;18670;0;7040;131436800
1433;14/12/2016 19:31:47;96;1;18450;0;7040;129888000
1434;14/12/2016 19:32:12;96;1;3116;0;7040;21936640
1435;14/12/2016 19:32:29;96;1;9764;0;7040;68738560
1436;16/12/2016 17:47:00;96;1;5083;0;7120;36190960
1437;16/12/2016 17:47:28;96;1;19321;0;7120;137565520
1438;16/12/2016 17:47:41;96;1;14995;0;7120;106764400
1439;16/12/2016 17:47:54;96;1;10601;0;7120;75479120
1440;20/12/2016 17:10:12;592;1;13962;0;7183;100289046
1441;20/12/2016 17:17:40;592;1;14909;0;7183;107091347
1442;20/12/2016 17:59:18;592;1;3935;0;8477;33356995
1443;20/12/2016 18:00:18;592;1;6600;0;7307;48226200
1444;20/12/2016 18:01:12;592;1;14529;0;7183;104361807
1445;21/12/2016 15:27:04;805;9;33560;670;6950;233242000
1446;21/12/2016 16:51:20;805;9;13356;0;6950;92824200
1447;21/12/2016 16:56:05;805;9;20088;0;6850;137602800
1448;21/12/2016 17:03:43;805;9;33580;654;6850;230023000
1449;21/12/2016 17:06:26;805;9;5227;104;6800;35543600
1450;21/12/2016 17:11:30;805;9;6110;122;6800;41548000
1451;24/12/2016 07:24:55;805;9;33834;670;6650;224996100
1452;24/12/2016 14:11:19;3718;8;2286;0;5600;12801600
1453;24/12/2016 14:14:12;3718;7;4263;62;6500;27709500
1454;28/12/2016 17:09:39;46;9;8190;160;6590;53972100
1455;28/12/2016 17:11:14;46;9;6190;120;6590;40792100
1456;28/12/2016 18:01:52;46;9;7018;135;6440;45195920
1457;28/12/2016 18:03:55;46;9;8892;169;6440;57264480
1458;28/12/2016 18:09:35;46;9;17670;350;6590;116445300
1459;28/12/2016 06:58:04;96;1;15010;0;6840;102668400
1460;28/12/2016 06:58:18;96;1;10181;0;6840;69638040
1461;28/12/2016 17:57:17;96;1;4521;0;6840;30923640
1462;28/12/2016 17:57:31;96;1;18730;0;6840;128113200
1463;28/12/2016 17:57:45;96;1;19143;0;6840;130938120
1464;28/12/2016 17:58:04;96;1;18157;0;6840;124193880
1465;28/12/2016 17:58:33;96;1;14258;0;6840;97524720
1466;03/01/2017 17:57:47;96;1;13819;0;6800;93969200
1467;03/01/2017 17:58:41;96;1;18896;0;6800;128492800
1468;03/01/2017 17:59:21;96;1;8534;0;6800;58031200
1469;04/01/2017 10:33:11;46;9;10030;0;6440;64593200
1470;04/01/2017 10:35:34;46;9;8295;160;6440;53419800
1471;05/01/2017 09:48:03;592;9;2301;0;6900;15876900
1472;11/01/2017 09:54:45;46;9;9990;200;6440;64335600
1473;11/01/2017 12:09:48;46;9;19570;386;6440;126030800
1474;11/01/2017 13:05:46;46;9;8108;160;6440;52215520
1475;11/01/2017 13:09:29;46;9;8015;160;6440;51616600
1476;11/01/2017 13:10:27;46;9;7177;140;6440;46219880
1477;11/01/2017 13:12:30;46;9;9075;180;6200;56265000
1478;11/01/2017 13:15:35;46;9;17878;372;6440;115134320
1479;11/01/2017 13:19:14;46;9;6265;120;6440;40346600
1480;11/01/2017 13:19:39;46;9;5130;100;6200;31806000
1481;11/01/2017 18:27:31;592;1;13581;0;7689;104424309
1482;11/01/2017 18:30:02;592;1;15600;0;7559;117920400
1483;11/01/2017 18:31:31;592;1;19807;0;7580;150137060
1484;11/01/2017 18:32:41;592;1;10017;0;7622;76349574
1485;11/01/2017 18:59:32;96;1;19573;0;7336;143587528
1486;11/01/2017 19:02:51;96;1;15148;0;7336;111125728
1487;11/01/2017 06:50:36;96;1;7450;0;7176;53461200
1488;11/01/2017 06:51:10;96;1;19153;0;7336;140506408
1489;11/01/2017 06:51:26;96;1;14776;0;7336;108396736
1490;11/01/2017 06:52:29;96;1;14313;0;7216;103282608
1491;11/01/2017 06:52:46;96;1;9587;0;7216;69179792
1492;11/01/2017 06:53:16;96;1;4943;0;7400;36578200
1493;11/01/2017 06:53:31;96;1;19113;0;7400;141436200
1494;11/01/2017 06:54:18;96;1;14842;0;7400;109830800
1495;11/01/2017 06:54:32;96;1;19211;0;7400;142161400
1496;11/01/2017 06:54:46;96;1;14850;0;7400;109890000
1497;11/01/2017 06:54:59;96;1;19382;0;7400;143426800
1498;11/01/2017 06:55:15;96;1;7659;0;7400;56676600
1499;17/01/2017 19:09:53;46;9;6075;120;6200;37665000
1500;17/01/2017 19:11:19;46;9;8080;160;6200;50096000
1501;17/01/2017 19:12:27;46;9;6038;120;6200;37435600
1502;17/01/2017 19:21:10;46;9;8942;179;6200;55440400
1503;17/01/2017 06:53:03;46;9;6871;140;6040;41500840
1504;17/01/2017 08:59:00;46;1;9831;193;6200;60952200
1505;19/01/2017 18:51:36;96;1;19043;0;7304;139090072
1506;19/01/2017 18:51:51;96;1;8982;0;7304;65604528
1507;19/01/2017 18:52:06;96;1;5544;0;7304;40493376
1508;19/01/2017 18:52:35;96;1;14413;0;7264;104696032
1509;19/01/2017 18:52:42;96;1;13964;0;7264;101434496
1510;19/01/2017 18:53:17;96;1;398;0;7304;2906992
1511;19/01/2017 18:53:29;96;1;6875;0;7304;50215000
1512;19/01/2017 18:53:43;96;1;18691;0;7304;136519064
1513;19/01/2017 18:53:56;96;1;12090;0;7304;88305360
1514;20/01/2017 18:56:21;96;1;7184;0;7000;50288000
1515;20/01/2017 18:56:34;96;1;6055;0;7000;42385000
1516;20/01/2017 18:56:47;96;1;8350;0;7000;58450000
1517;20/01/2017 18:56:59;96;1;15106;0;7000;105742000
1518;20/01/2017 18:57:59;96;1;13305;0;7000;93135000
1519;20/01/2017 18:58:12;96;1;6272;0;7000;43904000
1520;20/01/2017 18:58:25;96;1;13962;0;7000;97734000
1521;20/01/2017 18:59:04;96;1;19580;0;7000;137060000
1522;20/01/2017 18:59:16;96;1;10186;0;7000;71302000
1523;20/01/2017 18:59:38;96;1;9572;0;7400;70832800
1524;20/01/2017 18:59:50;96;1;14397;0;7400;106537800
1525;20/01/2017 19:00:05;96;1;26031;0;7400;192629400
1526;20/01/2017 07:54:15;592;9;24915;0;6050;150735750
1527;20/01/2017 07:54:59;592;9;10778;0;6050;65206900
1528;20/01/2017 09:34:00;46;9;7642;155;6040;46157680
1529;20/01/2017 09:34:52;46;9;10315;200;6040;62302600
1530;24/01/2017 17:58:44;96;1;11518;0;7560;87076080
1531;24/01/2017 17:59:32;96;1;18815;0;7560;142241400
1532;24/01/2017 17:59:54;96;1;14813;0;7560;111986280
1533;24/01/2017 18:00:16;96;1;4854;0;7560;36696240
1534;27/01/2017 18:35:12;46;9;10169;209;6040;61420760
1535;27/01/2017 18:35:41;46;9;7946;152;6040;47993840
1536;27/01/2017 18:38:01;46;9;9952;192;6040;60110080
1537;27/01/2017 16:04:02;277;9;24654,7;479;5626;138707342
1538;02/02/2017 11:04:09;96;1;15358;396;7440;114263520
1539;02/02/2017 11:04:42;96;1;19150;448;7440;142476000
1540;02/02/2017 11:09:46;96;1;14887;388;7440;110759280
1541;02/02/2017 11:11:04;96;1;19290;456;7440;143517600
1542;03/02/2017 08:50:09;96;1;14989;171;7440;111518160
1543;03/02/2017 08:54:05;96;1;16326;0;7440;121465440
1544;06/02/2017 12:13:03;277;9;4952,8;96;5626;27864453
1545;06/02/2017 18:44:15;96;1;14713;0;6920;101813960
1546;06/02/2017 18:44:31;96;1;11340;0;6920;78472800
1547;06/02/2017 18:45:08;96;1;8347;0;6920;57761240
1548;06/02/2017 18:45:25;96;1;2159;0;6920;14940280
1549;06/02/2017 08:17:28;96;1;14397;0;7000;100779000
1550;06/02/2017 08:17:47;96;1;14709;0;7000;102963000
1551;06/02/2017 08:18:25;96;1;19580;0;7000;137060000
1552;06/02/2017 08:22:42;96;1;1314;0;7000;9198000
1553;06/02/2017 08:24:36;96;1;13441;0;6920;93011720
1554;08/02/2017 07:54:17;46;9;8945;180;6005;53714720
1555;08/02/2017 07:55:46;46;9;10243;193;6005;61509220
1556;08/02/2017 07:57:44;46;9;7854;146;6005;47163270
1557;08/02/2017 08:06:14;46;0;17311;328;6005;103952555
1558;08/02/2017 08:07:38;46;9;17311;328;6005;103952600
1559;08/02/2017 08:10:07;46;9;10007;198;6005;60092035
1560;08/02/2017 08:46:53;46;9;9784;194;5885;57578840
1561;08/02/2017 09:01:10;46;9;7924;157;6005;47583620
1562;09/02/2017 19:00:12;96;1;14687;0;7096;104218952
1563;09/02/2017 19:00:40;96;1;5227;0;6976;36463552
1564;09/02/2017 19:00:52;96;1;8041;0;6976;56094016
1565;09/02/2017 19:01:04;96;1;4961;0;6976;34607936
1566;09/02/2017 19:02:17;96;1;17084;0;6976;119177984
1567;10/02/2017 12:28:41;96;1;9323;0;7000;65261000
1568;10/02/2017 12:28:55;96;1;19828;0;7000;138796000
1569;10/02/2017 12:29:09;96;1;19162;0;7000;134134000
1570;10/02/2017 12:29:29;96;1;1687;0;7000;11809000
1571;13/02/2017 18:38:58;96;1;13140;0;7000;91980000
1572;13/02/2017 18:39:53;96;1;19410;0;7000;135870000
1573;13/02/2017 18:40:06;96;1;14394;0;7000;100758000
1574;13/02/2017 18:40:43;96;1;3056;0;7000;21392000
1575;15/02/2017 07:30:48;592;1;51084;0;7155;365506020
1576;16/02/2017 06:51:04;96;1;7895;0;7040;55580800
1577;16/02/2017 06:51:18;96;1;12430;0;7040;87507200
1578;16/02/2017 06:51:34;96;1;14918;0;7040;105022720
1579;16/02/2017 06:52:05;96;1;14757;0;7040;103889280
1580;17/02/2017 09:33:13;592;1;56531;0;7363;416237753
1581;17/02/2017 06:48:53;46;9;10083;196;5885;59338455
1582;17/02/2017 06:49:20;46;9;7886;155;5885;46409110
1583;17/02/2017 06:49:49;46;9;9896;188;5885;58237960
1584;17/02/2017 06:50:23;46;9;9409;184;5885;55371965
1585;17/02/2017 06:51:40;46;9;8094;158;5820;47107080
1586;17/02/2017 07:10:46;46;9;11679,5;226;5820;67974690
1587;20/02/2017 18:50:10;96;1;7087;0;7184;50913008
1588;20/02/2017 18:51:21;96;1;12784;0;7184;91840256
1589;20/02/2017 18:52:30;96;1;18892;0;7184;135720128
1590;20/02/2017 18:52:56;96;1;11237;0;7184;80726608
1591;20/02/2017 08:47:23;592;1;57497;0;7388;424787800
1592;20/02/2017 10:06:02;46;9;9873;204;5820;57460860
1593;20/02/2017 10:07:28;46;9;9930;195;5820;57792600
1594;20/02/2017 10:19:30;46;9;7932;160;5820;46164240
1595;20/02/2017 10:21:06;46;9;8015;156;5820;46647300
1596;20/02/2017 10:22:17;46;9;15948;319;5820;92817360
1597;23/02/2017 17:22:47;96;1;8573;0;7240;62068520
1598;23/02/2017 17:23:02;96;1;19235;0;7240;139261400
1599;23/02/2017 17:25:00;96;1;14783;0;7240;107028920
1600;23/02/2017 17:25:18;96;1;7409;0;7240;53641160
1601;23/02/2017 18:14:25;592;9;14235;0;6050;86121750
1602;27/02/2017 18:38:06;96;1;11519;0;6960;80172240
1603;27/02/2017 18:38:18;96;1;15140;0;6960;105374400
1604;27/02/2017 18:38:36;96;1;16173;0;6960;112564080
1605;27/02/2017 18:38:49;96;1;15192;0;6960;105736320
1606;27/02/2017 18:39:00;96;1;19810;0;6960;137877600
1607;27/02/2017 18:39:22;96;1;7492;0;6960;52144320
1608;27/02/2017 18:39:37;96;1;14674;0;6960;102131040
1609;28/02/2017 18:00:00;46;9;22231;442;5770;128272870
1610;28/02/2017 18:07:16;46;9;11235;213;5820;65387700
1611;28/02/2017 18:12:42;46;9;9949;193;5770;57405730
1612;28/02/2017 18:13:37;46;9;7901;146;5770;45588770
1613;28/02/2017 18:27:04;46;9;10556;202;5770;60908120
1614;28/02/2017 07:43:52;96;1;3680;0;6960;25612800
1615;28/02/2017 07:46:02;96;1;11968;0;6960;83297280
1616;28/02/2017 07:46:18;96;1;14920;0;6960;103843200
1617;28/02/2017 07:46:35;96;1;19432;0;6960;135246720
1618;01/03/2017 17:02:01;96;1;7444;0;7000;52108000
1619;01/03/2017 17:02:15;96;1;16866;0;7000;118062000
1620;01/03/2017 17:02:31;96;1;690;0;7000;4830000
1621;01/03/2017 17:05:04;96;1;288;0;7000;2016000
1622;01/03/2017 17:05:19;96;1;14949;0;7000;104643000
1623;01/03/2017 17:05:33;96;1;9763;0;7000;68341000
1624;01/03/2017 17:06:00;96;1;9717;0;6920;67241640
1625;01/03/2017 17:07:13;96;1;7726;0;6920;53463920
1626;01/03/2017 17:07:28;96;1;15250;0;6920;105530000
1627;01/03/2017 17:07:43;96;1;2644;0;6920;18296480
1628;01/03/2017 17:08:10;96;1;14663;0;6920;101467960
1629;07/03/2017 07:16:02;46;9;22800;442;5770;131556000
1630;07/03/2017 07:17:33;46;9;22800;442;5770;131556000
1631;07/03/2017 07:21:32;46;9;8524;160;5770;49183480
1632;07/03/2017 07:23:30;46;9;8072;162;5770;46575440
1633;07/03/2017 07:27:33;46;9;8754;170;5730;50160420
1634;08/03/2017 17:06:31;96;1;4137;0;7040;29124480
1635;08/03/2017 17:06:49;96;1;15310;0;7040;107782400
1636;08/03/2017 17:07:04;96;1;19364;0;7040;136322560
1637;08/03/2017 17:08:29;96;1;15420;0;7040;108556800
1638;08/03/2017 17:17:15;96;1;15560;0;7040;109542400
1639;08/03/2017 17:17:30;96;1;19410;0;7040;136646400
1640;08/03/2017 17:17:46;96;1;10799;0;7040;76024960
1641;09/03/2017 16:41:19;592;1;13932;0;7477;104169564
1642;09/03/2017 16:42:04;592;1;15088;0;7312;110323456
1643;09/03/2017 16:45:03;592;1;36475;0;7455;271921125
1644;11/03/2017 07:55:14;46;9;10487;199;5730;60090510
1645;11/03/2017 08:45:02;46;9;7379;135;5730;42281670
1646;11/03/2017 08:45:56;46;9;9980;187;5730;57185400
1647;11/03/2017 08:57:57;46;9;6920;133;5730;39651600
1648;13/03/2017 15:11:21;96;1;19170;0;7040;134956800
1649;13/03/2017 16:37:57;96;1;8791;0;7040;61888640
1650;13/03/2017 16:38:12;96;1;15010;0;7040;105670400
1651;13/03/2017 16:38:52;96;1;7029;0;7040;49484160
1652;15/03/2017 07:23:44;46;9;7004;130;5730;40132920
1653;15/03/2017 07:24:20;46;9;9246;175;5730;52979580
1654;15/03/2017 07:24:41;46;9;10032;190;5730;57483360
1655;15/03/2017 10:29:18;46;9;10757;207;5730;61637610
1656;16/03/2017 15:04:10;592;9;24915;362;5600;139524000
1657;21/03/2017 17:35:32;592;1;19598;0;7288;142830224
1658;21/03/2017 17:35:51;592;1;20376;0;7288;148500288
1659;21/03/2017 17:37:31;592;9;24350;0;5600;136360000
1660;22/03/2017 17:56:00;592;1;9339;0;7580;70789620
1661;22/03/2017 17:57:52;592;1;3690;0;7622;28125180
1662;22/03/2017 17:58:48;592;1;1782;0;7538;13432716
1663;22/03/2017 09:07:01;96;1;12811;0;7080;90701880
1664;22/03/2017 09:07:17;96;1;15400;0;7080;109032000
1665;22/03/2017 09:07:35;96;1;19830;0;7080;140396400
1666;22/03/2017 09:07:49;96;1;1959;0;7080;13869720
1667;24/03/2017 16:14:23;592;9;723;0;5600;4048800
1668;24/03/2017 13:56:12;96;1;11885;0;6760;80342600
1669;24/03/2017 13:56:36;96;1;17511;0;6800;119074800
1670;24/03/2017 13:56:52;96;1;20170;0;6800;137156000
1671;24/03/2017 13:57:03;96;1;434;0;6800;2951200
1672;26/03/2017 08:26:37;592;9;24945;0;5800;144681000
1673;26/03/2017 09:25:39;592;9;25042;0;5800;145243600
1674;26/03/2017 10:43:45;592;9;12;0;5600;67200
1675;29/03/2017 07:29:13;3521;1;14571;0;6840;99665640
1676;29/03/2017 07:31:59;3521;1;15060;0;6840;103010400
1677;29/03/2017 07:32:14;3521;1;19150;0;6840;130986000
1678;29/03/2017 07:32:29;3521;1;14680;0;6840;100411200
1679;29/03/2017 07:32:46;3521;1;6763;0;6840;46258920
1680;29/03/2017 07:33:13;3521;1;15120;0;6840;103420800
1681;29/03/2017 07:36:43;3521;1;14656;0;6840;100247040
1682;04/04/2017 15:00:11;46;9;17243;320;5855;100957800
1683;06/04/2017 06:55:36;3521;1;12677;0;6840;86710680
1684;06/04/2017 06:55:49;3521;1;19620;0;6840;134200800
1685;06/04/2017 06:56:02;3521;1;19450;0;6840;133038000
1686;06/04/2017 06:56:16;3521;1;15210;0;6840;104036400
1687;06/04/2017 06:56:37;3521;1;14930;0;6840;102121200
1688;06/04/2017 06:56:57;3521;1;14460;0;6840;98906400
1689;06/04/2017 06:57:12;3521;1;3653;0;6840;24986520
1690;12/04/2017 11:31:58;46;9;7882;0;5795;45676190
1691;12/04/2017 11:34:52;46;9;17736;342;5795;102780120
1692;12/04/2017 11:36:02;46;9;17613;342;5795;102067335
1693;12/04/2017 11:37:19;46;9;9834;193;5795;56988030
1694;12/04/2017 11:41:16;46;9;6596;125;5600;36937600
1695;12/04/2017 11:44:00;46;9;10078;192;5795;58402010
1696;12/04/2017 11:49:24;46;9;8330;155;5775;48105750
1697;12/04/2017 11:51:20;46;9;17731;337;5775;102396525
1698;12/04/2017 12:06:38;46;9;6160;118;5775;35574000
1699;12/04/2017 12:24:29;46;9;28502;504;5775;164599050
1700;12/04/2017 12:26:11;46;9;9825;185;5600;55020000
1701;12/04/2017 12:29:03;46;0;6724;125;5775;38831100
1702;12/04/2017 12:30:17;46;9;6724;125;5775;38831100
1703;12/04/2017 13:15:25;46;9;17800;324;5775;102795000
1704;12/04/2017 16:43:08;46;9;24649;0;5775;142347975
1705;15/04/2017 11:17:17;3718;11;5972;96;5800;34637600
1706;17/04/2017 14:36:04;3521;1;19100;0;6856;130949600
1707;17/04/2017 14:36:50;3521;1;10366;0;6856;71069296
1708;18/04/2017 15:48:46;277;9;25480,6;401;5287;134703192
1709;18/04/2017 15:50:08;277;9;16490,9;313;5287;87179143
1710;22/04/2017 14:24:22;277;9;15076,1;277;4705;70925512
1711;22/04/2017 15:09:51;3521;1;15677;0;7032;110240664
1712;22/04/2017 15:10:10;3521;1;19300;0;7032;135717600
1713;22/04/2017 15:10:23;3521;1;15023;0;7032;105641736
1714;22/04/2017 15:10:48;3521;1;534;0;6856;3661104
1715;26/04/2017 08:29:54;2875;9;9345;177;5350;49995750
1716;27/04/2017 07:21:53;3521;1;15003;0;6600;99019800
1717;27/04/2017 07:22:18;3521;1;14740;0;6600;97284000
1718;27/04/2017 07:22:47;3521;1;19560;0;6600;129096000
1719;27/04/2017 07:23:12;3521;1;697;0;6600;4600200
1720;28/04/2017 07:21:45;3521;1;18693;0;6680;124869240
1721;28/04/2017 07:21:58;3521;1;15370;0;6680;102671600
1722;28/04/2017 07:22:15;3521;1;15937;0;6680;106459160
1723;02/05/2017 08:06:20;592;9;24786;0;4920;121947120
1724;02/05/2017 10:31:56;3582;9;900;0;5383;4844700
1725;02/05/2017 10:32:20;3582;9;400;0;5194;2077600
1726;04/05/2017 08:05:44;592;9;13;0;5800;75400
1727;04/05/2017 08:09:28;592;9;24862;0;4920;122321040
1728;05/05/2017 10:36:32;592;9;352;0;4920;1731840
1729;05/05/2017 11:27:43;592;9;24513;0;4800;117662400
1730;05/05/2017 17:41:30;592;9;24875;0;4800;119400000
1731;08/05/2017 16:54:02;3718;11;3001;0;5800;17405800
1732;09/05/2017 07:55:27;592;9;612;0;4800;2937600
1733;09/05/2017 07:56:11;592;9;24363;0;4650;113287950
1734;09/05/2017 11:49:39;77;11;22971;0;3070;70520970
1735;09/05/2017 11:51:01;77;11;13927;0;3160;44009320
1736;09/05/2017 09:23:47;96;1;3553;0;6816;24217248
1737;09/05/2017 09:24:06;96;1;15130;0;6816;103126080
1739;09/05/2017 09:31:08;96;1;15360;0;6816;104693760
1740;09/05/2017 09:31:21;96;1;1417;0;6816;9658272
1741;09/05/2017 09:32:05;96;1;14540;0;6936;100849440
1742;10/05/2017 11:06:07;592;9;24995;0;4650;116226750
1743;10/05/2017 11:06:23;592;9;24935;0;4650;115947750
1744;15/05/2017 10:54:10;592;9;24578;0;4650;114287700
1745;15/05/2017 10:58:13;592;9;1129;0;4650;5249850
1746;15/05/2017 11:01:24;592;9;24152;0;4900;118344800
1747;16/05/2017 12:17:58;592;9;24925;0;4900;122132500
1748;16/05/2017 08:23:52;3521;1;17536;0;6920;121349120
1749;16/05/2017 08:24:47;3521;1;20110;0;7040;141574400
1750;16/05/2017 08:26:24;3521;1;12354;0;7040;86972160
1751;17/05/2017 16:52:49;592;9;24955;0;4900;122279500
1752;18/05/2017 10:25:47;592;9;24945;0;4900;122230500
1753;19/05/2017 08:43:38;592;9;1023;0;4900;5012700
1754;19/05/2017 08:43:57;592;9;23912;0;4950;118364400
1755;19/05/2017 11:52:29;592;9;26088;0;4950;129135600
1756;19/05/2017 12:29:03;3521;1;19314;0;6720;129790080
